expt,t0,t1
105.3706186561781,997855380.995,997855500.995
119.1659696812426,997855500.995,997855620.995
119.36046604576,997855620.995,997855740.995
119.320872563207,997855740.995,997855860.995
119.4899537947929,997855860.995,997855980.995
119.2784926151116,997855980.995,997856100.995
103.6703737157655,997856100.995,997856220.995
