expt,t0,t1
101.7917569612321,765661723.99,765661843.99
104.7879949287487,765661843.99,765661963.99
108.7866061999315,765661963.99,765662083.99
100.7035767138545,765662083.99,765662203.99
104.6590602269768,765662203.99,765662323.99
108.5151424292879,765662323.99,765662443.99
108.33555905055,765662443.99,765662563.99
101.5769308668592,765662563.99,765662683.99
