expt,t0,t1
112.7327344598868,767229562.99,767229682.99
115.5694899486837,767229682.99,767229802.99
115.995580398079,767229802.99,767229922.99
118.8289998895026,767229922.99,767230042.99
118.8288929234549,767230042.99,767230162.99
118.8219668718669,767230162.99,767230282.99
118.7854112250683,767230282.99,767230402.99
118.7441330272642,767230402.99,767230522.99
118.6783061215149,767230522.99,767230642.99
43.45287468185855,767230642.99,767230762.99
