expt,t0,t1
111.6461568083833,765181638.995,765181758.995
118.7110109905965,765181758.995,765181878.995
118.7612368982901,765181878.995,765181998.995
118.7892994409019,765181998.995,765182118.995
118.8045207094884,765182118.995,765182238.995
118.8187311489242,765182238.995,765182358.995
87.01348141779854,765182358.995,765182478.995
