expt,t0,t1
80.51964397941543,918630708.995,918630828.995
106.7777641633026,918630828.995,918630948.995
102.9511858779293,918630948.995,918631068.995
107.0166813318869,918631068.995,918631188.995
107.101130221506,918631188.995,918631308.995
107.1507749087501,918631308.995,918631428.995
107.1636055100462,918631428.995,918631548.995
107.1414461214102,918631548.995,918631668.995
99.11768096193902,918631668.995,918631788.995
98.02965644835989,918631788.995,918631908.995
