expt,t0,t1
111.5681411131807,775254367.99,775254487.99
118.6295616935819,775254487.99,775254607.99
118.6359368700243,775254607.99,775254727.99
118.6280588206118,775254727.99,775254847.99
118.6046599976793,775254847.99,775254967.99
118.5544715281025,775254967.99,775255087.99
118.4939287451091,775255087.99,775255207.99
118.4013389342274,775255207.99,775255327.99
118.2625665322549,775255327.99,775255447.99
47.2360712239119,775255447.99,775255567.99
