expt,t0,t1
81.42935802292224,740548120.995,740548240.995
118.39183500089,740548240.995,740548360.995
118.4423122787956,740548360.995,740548480.995
118.477044154481,740548480.995,740548600.995
118.4941801153212,740548600.995,740548720.995
118.4873877712928,740548720.995,740548840.995
118.4682194555465,740548840.995,740548960.995
48.40138973894065,740548960.995,740549080.995
