expt,t0,t1
93.03493842779893,847861771.995,847861891.995
118.9507646898922,847861891.995,847862011.995
118.9871866291311,847862011.995,847862131.995
119.008713546229,847862131.995,847862251.995
119.0271437962462,847862251.995,847862371.995
119.036305438231,847862371.995,847862491.995
119.0430549958403,847862491.995,847862611.995
119.0424025029494,847862611.995,847862731.995
62.44196346917727,847862731.995,847862851.995
