expt,t0,t1
81.53485470962984,847861771.995,847861891.995
107.8131244398105,847861891.995,847862011.995
108.0118157873063,847862011.995,847862131.995
108.1659856801949,847862131.995,847862251.995
108.2631525725906,847862251.995,847862371.995
108.3425288989065,847862371.995,847862491.995
108.3737186888058,847862491.995,847862611.995
108.3794161738921,847862611.995,847862731.995
56.72525546285286,847862731.995,847862851.995
