expt,t0,t1
111.2789062635377,824089407.99,824089527.99
118.3105354563422,824089527.99,824089647.99
118.324441042542,824089647.99,824089767.99
118.3388654140732,824089767.99,824089887.99
118.3422348445755,824089887.99,824090007.99
118.3424113385542,824090007.99,824090127.99
118.3397746254786,824090127.99,824090247.99
118.334217739301,824090247.99,824090367.99
118.3140065045897,824090367.99,824090487.99
118.2802480199383,824090487.99,824090607.99
89.67301276467815,824090607.99,824090727.99
