expt,t0,t1
95.42454714084418,824089407.99,824089527.99
102.5488846769595,824089527.99,824089647.99
102.6169786316224,824089647.99,824089767.99
102.6497391708686,824089767.99,824089887.99
102.6558194909212,824089887.99,824090007.99
102.6393238078156,824090007.99,824090127.99
102.6169898914743,824090127.99,824090247.99
102.5587820868229,824090247.99,824090367.99
102.4206518530359,824090367.99,824090487.99
102.2411754428915,824090487.99,824090607.99
77.08188842306346,824090607.99,824090727.99
