expt,t0,t1
100.6163178289776,790485843.995,790485963.995
109.0576758757568,790485963.995,790486083.995
109.3805296106965,790486083.995,790486203.995
109.6040939711481,790486203.995,790486323.995
109.7678910374533,790486323.995,790486443.995
109.8864347587745,790486443.995,790486563.995
109.9352799965302,790486563.995,790486683.995
11.74327874419005,790486683.995,790486803.995
