expt,t0,t1
97.73336160471334,888436652.99,888436772.99
100.6693111420841,888436772.99,888436892.99
104.9006373030743,888436892.99,888437012.99
105.7236787530032,888437012.99,888437132.99
105.6149254729518,888437132.99,888437252.99
105.4626810147465,888437252.99,888437372.99
55.0209817825644,888437372.99,888437492.99
