expt,t0,t1
110.333245015765,888436652.99,888436772.99
113.246385770882,888436772.99,888436892.99
117.4041795586104,888436892.99,888437012.99
118.3666979796825,888437012.99,888437132.99
118.3515943737485,888437132.99,888437252.99
118.3226867993599,888437252.99,888437372.99
62.06274944771419,888437372.99,888437492.99
