expt,t0,t1
111.2134793188227,871853490.99,871853610.99
119.2276035179224,871853610.99,871853730.99
119.2198805692791,871853730.99,871853850.99
119.2121683172406,871853850.99,871853970.99
119.1956848492913,871853970.99,871854090.99
119.1664403318524,871854090.99,871854210.99
119.1254937287962,871854210.99,871854330.99
117.0113596125947,871854330.99,871854450.99
