expt,t0,t1
97.51394938329472,869788213.995,869788333.995
110.6187192811999,869788333.995,869788453.995
110.6968098443171,869788453.995,869788573.995
110.755010070866,869788573.995,869788693.995
110.7859339552536,869788693.995,869788813.995
110.8119962327736,869788813.995,869788933.995
110.8273191191054,869788933.995,869789053.995
104.9157332408207,869789053.995,869789173.995
110.8404759429715,869789173.995,869789293.995
34.95237217139456,869789293.995,869789413.995
