expt,t0,t1
74.5710471248632,869788213.995,869788333.995
87.85742394844726,869788333.995,869788453.995
88.0558337996443,869788453.995,869788573.995
88.19854116324859,869788573.995,869788693.995
88.26678712591278,869788693.995,869788813.995
88.35084192071365,869788813.995,869788933.995
88.3594725972327,869788933.995,869789053.995
82.66652188802937,869789053.995,869789173.995
88.34671518497426,869789173.995,869789293.995
27.47832643383519,869789293.995,869789413.995
