expt,t0,t1
95.372564745782,884993526.99,884993646.99
99.50937505179584,884993646.99,884993766.99
103.525372817551,884993766.99,884993886.99
103.5309633340437,884993886.99,884994006.99
103.5234079733858,884994006.99,884994126.99
103.4801701419008,884994126.99,884994246.99
99.37444514105755,884994246.99,884994366.99
99.21338984870201,884994366.99,884994486.99
38.36017227414381,884994486.99,884994606.99
