expt,t0,t1
110.223059290038,884993526.99,884993646.99
114.3064568399634,884993646.99,884993766.99
118.2447299438024,884993766.99,884993886.99
118.2399699546801,884993886.99,884994006.99
118.2356431780509,884994006.99,884994126.99
115.3088863125608,884994126.99,884994246.99
117.0725940198912,884994246.99,884994366.99
114.1383869691793,884994366.99,884994486.99
44.28239888666501,884994486.99,884994606.99
