expt,t0,t1
109.8765462977015,857458511.995,857458631.995
118.9098929630693,857458631.995,857458751.995
118.9391107389962,857458751.995,857458871.995
118.9510802397329,857458871.995,857458991.995
118.9585357732569,857458991.995,857459111.995
118.967408606913,857459111.995,857459231.995
118.9677402016608,857459231.995,857459351.995
116.9224353913402,857459351.995,857459471.995
1.977842650718663,857459471.995,857459591.995
