expt,t0,t1
102.2725851304806,871847423.99,871847543.99
110.3343066299064,871847543.99,871847663.99
110.339486161803,871847663.99,871847783.99
110.3291158381578,871847783.99,871847903.99
110.2836316662089,871847903.99,871848023.99
110.2252155542964,871848023.99,871848143.99
110.092084694775,871848143.99,871848263.99
102.9118419937318,871848263.99,871848383.99
109.6623749648372,871848383.99,871848503.99
27.18136067103584,871848503.99,871848623.99
