expt,t0,t1
104.5778173279315,874130550.995,874130670.995
113.6588173675458,874130670.995,874130790.995
109.7796704140663,874130790.995,874130910.995
109.716909833021,874130910.995,874131030.995
99.790144932599,874131030.995,874131150.995
113.80643051336,874131150.995,874131270.995
113.8183679242824,874131270.995,874131390.995
113.8160628059546,874131390.995,874131510.995
50.88059328090797,874131510.995,874131630.995
