expt,t0,t1
95.49321468038399,829804692.995,829804812.995
103.8186412914941,829804812.995,829804932.995
100.0398648446726,829804932.995,829805052.995
100.1778524674117,829805052.995,829805172.995
104.2953946828757,829805172.995,829805292.995
104.3442286607794,829805292.995,829805412.995
100.3613655344799,829805412.995,829805532.995
96.3234523244283,829805532.995,829805652.995
