expt,t0,t1
110.0316649409037,911248522.99,911248642.99
118.0554963088314,911248642.99,911248762.99
118.0674818544752,911248762.99,911248882.99
118.0762691152931,911248882.99,911249002.99
118.0707015325107,911249002.99,911249122.99
118.0659682849004,911249122.99,911249242.99
118.0538650766041,911249242.99,911249362.99
118.0325841814159,911249362.99,911249482.99
72.75232262152969,911249482.99,911249602.99
