expt,t0,t1
101.1183714867228,845330563.99,845330683.99
109.1405934255108,845330683.99,845330803.99
105.139368585513,845330803.99,845330923.99
109.0674832068045,845330923.99,845331043.99
108.9743023019988,845331043.99,845331163.99
108.8245856805562,845331163.99,845331283.99
108.5797964991803,845331283.99,845331403.99
43.14131758465571,845331403.99,845331523.99
