expt,t0,t1
108.5598316887364,904627994.995,904628114.995
117.6278727916729,904628114.995,904628234.995
117.6720551176719,904628234.995,904628354.995
117.7037117194861,904628354.995,904628474.995
117.7226500582299,904628474.995,904628594.995
117.7436956281132,904628594.995,904628714.995
117.7530498089838,904628714.995,904628834.995
117.7607085779985,904628834.995,904628954.995
49.07860918341591,904628954.995,904629074.995
