expt,t0,t1
62.78770569670417,818326316.995,818326436.995
88.14140363008738,818326436.995,818326556.995
73.25948225098499,818326556.995,818326676.995
59.89903583993215,818326676.995,818326796.995
80.53965335973226,818326796.995,818326916.995
47.7644385455622,818326916.995,818327036.995
67.48584451020163,818327036.995,818327156.995
65.71949931140715,818327156.995,818327276.995
49.15658680137804,818327276.995,818327396.995
43.13886811057875,818327396.995,818327516.995
