expt,t0,t1
97.04469216972167,916448350.99,916448470.99
105.1409251153718,916448470.99,916448590.99
105.1869441302882,916448590.99,916448710.99
105.1875521622935,916448710.99,916448830.99
105.184990545975,916448830.99,916448950.99
105.1698741947332,916448950.99,916449070.99
99.22894838701855,916449070.99,916449190.99
105.0428405450422,916449190.99,916449310.99
104.9346840371441,916449310.99,916449430.99
104.7654090528656,916449430.99,916449550.99
59.87328196315925,916449550.99,916449670.99
