expt,t0,t1
102.3879085807507,775171670.99,775171790.99
109.4221572833527,775171790.99,775171910.99
109.401478565248,775171910.99,775172030.99
109.3246131859167,775172030.99,775172150.99
109.2300191696914,775172150.99,775172270.99
109.0145619026433,775172270.99,775172390.99
108.7341972190339,775172390.99,775172510.99
108.3263991609893,775172510.99,775172630.99
35.66418569969525,775172630.99,775172750.99
