expt,t0,t1
99.35698979345902,762572146.99,762572266.99
105.4543881337859,762572266.99,762572386.99
105.4985999424645,762572386.99,762572506.99
105.5262822884816,762572506.99,762572626.99
105.5007674639647,762572626.99,762572746.99
105.4492874208529,762572746.99,762572866.99
99.47537024692704,762572866.99,762572986.99
105.2023081982729,762572986.99,762573106.99
105.0165600505928,762573106.99,762573226.99
104.7471793525598,762573226.99,762573346.99
53.74979387829363,762573346.99,762573466.99
