expt,t0,t1
98.14963656158967,745348750.995,745348870.995
104.4776860560074,745348870.995,745348990.995
104.6813429982128,745348990.995,745349110.995
104.814316219807,745349110.995,745349230.995
104.8792405261461,745349230.995,745349350.995
104.9157562260175,745349350.995,745349470.995
72.98254279144001,745349470.995,745349590.995
