expt,t0,t1
96.59793435636038,856594619.995,856594739.995
103.6511946657457,856594739.995,856594859.995
102.2593030706356,856594859.995,856594979.995
100.1846809726494,856594979.995,856595099.995
106.2669384599228,856595099.995,856595219.995
106.3349817452518,856595219.995,856595339.995
106.3414223805668,856595339.995,856595459.995
106.3704784285217,856595459.995,856595579.995
106.3504415219781,856595579.995,856595699.995
88.24845784483068,856595699.995,856595819.995
