expt,t0,t1
97.35009246656767,878620745.995,878620865.995
106.6483040155166,878620865.995,878620985.995
106.845283865516,878620985.995,878621105.995
106.9747383833761,878621105.995,878621225.995
107.0548634898467,878621225.995,878621345.995
103.1193311512158,878621345.995,878621465.995
107.1626484226305,878621465.995,878621585.995
107.1705584686249,878621585.995,878621705.995
85.51033819292681,878621705.995,878621825.995
