expt,t0,t1
109.2743114042914,856417148.995,856417268.995
118.308155461781,856417268.995,856417388.995
118.3342070426963,856417388.995,856417508.995
118.3552900506962,856417508.995,856417628.995
118.3678050782761,856417628.995,856417748.995
118.3761591266008,856417748.995,856417868.995
118.3826305724862,856417868.995,856417988.995
118.3833205034938,856417988.995,856418108.995
82.85404398707571,856418108.995,856418228.995
