expt,t0,t1
99.24076302456201,818101503.99,818101623.99
107.2986280246952,818101623.99,818101743.99
107.263193270611,818101743.99,818101863.99
107.188478523002,818101863.99,818101983.99
107.0471561211875,818101983.99,818102103.99
106.8085880080136,818102103.99,818102223.99
106.4366413185753,818102223.99,818102343.99
97.749744021727,818102343.99,818102463.99
