expt,t0,t1
105.9514305660172,847855855.995,847855975.995
110.9556636156671,847855975.995,847856095.995
118.9949149260768,847856095.995,847856215.995
119.0252130590854,847856215.995,847856335.995
115.0030443373825,847856335.995,847856455.995
119.0549763618556,847856455.995,847856575.995
69.44309130180127,847856575.995,847856695.995
