expt,t0,t1
98.7201249811746,799042555.995,799042675.995
107.179172255366,799042675.995,799042795.995
107.5585729667947,799042795.995,799042915.995
107.7619258929974,799042915.995,799043035.995
107.9421567132225,799043035.995,799043155.995
108.0704402064798,799043155.995,799043275.995
108.1142241407843,799043275.995,799043395.995
14.21503967977074,799043395.995,799043515.995
