expt,t0,t1
100.5409387501036,799308767.995,799308887.995
109.0265592748951,799308887.995,799309007.995
109.412569519418,799309007.995,799309127.995
109.6537442883181,799309127.995,799309247.995
109.8585215857924,799309247.995,799309367.995
109.9631706498084,799309367.995,799309487.995
110.0448890253298,799309487.995,799309607.995
56.71025875257751,799309607.995,799309727.995
