expt,t0,t1
100.8941702770636,833550088.995,833550208.995
110.0882844947421,833550208.995,833550328.995
110.2181387373464,833550328.995,833550448.995
106.3101999078493,833550448.995,833550568.995
110.3276295377005,833550568.995,833550688.995
110.3516580617601,833550688.995,833550808.995
106.3301905330527,833550808.995,833550928.995
110.2214660235973,833550928.995,833551048.995
109.9978791434419,833551048.995,833551168.995
28.19918439570526,833551168.995,833551288.995
