expt,t0,t1
109.5434754183998,887175646.995,887175766.995
106.5179197587635,887175766.995,887175886.995
110.4717037262249,887175886.995,887176006.995
104.8856794840119,887176006.995,887176126.995
114.6347087629697,887176126.995,887176246.995
118.6536557958244,887176246.995,887176366.995
108.5788870601391,887176366.995,887176486.995
87.67928219085947,887176486.995,887176606.995
100.6281763557362,887176606.995,887176726.995
3.950603746674034,887176726.995,887176846.995
