expt,t0,t1
94.8980940927278,744153721.99,744153841.99
96.94946273802212,744153841.99,744153961.99
100.8567879055879,744153961.99,744154081.99
100.7593958161532,744154081.99,744154201.99
100.5483186315133,744154201.99,744154321.99
100.2871294757735,744154321.99,744154441.99
95.85010022110255,744154441.99,744154561.99
29.33495583570355,744154561.99,744154681.99
