expt,t0,t1
96.01088087826591,774171004.995,774171124.995
102.3389841468483,774171124.995,774171244.995
102.5158707910444,774171244.995,774171364.995
102.6505836597648,774171364.995,774171484.995
102.7549850070379,774171484.995,774171604.995
102.8289960139,774171604.995,774171724.995
102.8471694149461,774171724.995,774171844.995
102.8360840907021,774171844.995,774171964.995
102.783112117207,774171964.995,774172084.995
28.80550313915627,774172084.995,774172204.995
