expt,t0,t1
77.9627336389224,811622108.235,811622228.235
43.50919364928281,811622228.235,811622348.235
35.5259022991219,811622468.235,811622588.235
118.6706794423145,811622588.235,811622708.235
118.6871415170542,811622708.235,811622828.235
105.7367321759129,811622828.235,811622948.235
91.9129106346206,811623188.235,811623308.235
118.6631918189761,811623308.235,811623428.235
118.6619296196133,811623428.235,811623548.235
49.5297219046776,811623548.235,811623668.235
