expt,t0,t1
76.79324927874606,813302391.5,813302511.5
118.9835390869048,813302511.5,813302631.5
119.0116551125405,813302631.5,813302751.5
119.0196775661174,813302751.5,813302871.5
119.026459213541,813302871.5,813302991.5
119.0278176823467,813302991.5,813303111.5
51.05745538668649,813303111.5,813303231.5
