expt,t0,t1
103.8506047145461,744064935.99,744065055.99
108.8391784486823,744065055.99,744065175.99
108.7848327732495,744065175.99,744065295.99
108.6684340537245,744065295.99,744065415.99
108.515564673736,744065415.99,744065535.99
108.2890108225919,744065535.99,744065655.99
107.9619177533933,744065655.99,744065775.99
44.12152906242743,744065775.99,744065895.99
