expt,t0,t1
79.38720932658589,763542399.995,763542519.995
107.2608455914796,763542519.995,763542639.995
107.9704752408747,763542639.995,763542759.995
108.4295844442519,763542759.995,763542879.995
108.9406691242266,763542879.995,763542999.995
105.3546763696549,763542999.995,763543119.995
109.5537061336754,763543119.995,763543239.995
63.61485213871937,763543239.995,763543359.995
