expt,t0,t1
91.77253064627935,763542399.995,763542519.995
118.7757254494499,763542519.995,763542639.995
118.8480933290155,763542639.995,763542759.995
118.9011805784848,763542759.995,763542879.995
118.9329441463468,763542879.995,763542999.995
115.0300808176003,763542999.995,763543119.995
118.9638733790367,763543119.995,763543239.995
70.25767598388519,763543239.995,763543359.995
2.309599767611269,763543719.995,763543839.995
