expt,t0,t1
100.7751811706242,928096980.99,928097100.99
109.7691802905014,928097100.99,928097220.99
109.6588844107329,928097220.99,928097340.99
109.4893279301558,928097340.99,928097460.99
109.1962621335477,928097460.99,928097580.99
74.14614629683182,928097580.99,928097700.99
