expt,t0,t1
99.37369182771461,861777373.995,861777493.995
107.6016475304264,861777493.995,861777613.995
107.7685072764617,861777613.995,861777733.995
103.8999641438399,861777733.995,861777853.995
107.9690733893071,861777853.995,861777973.995
108.03537702751,861777973.995,861778093.995
108.0483483769555,861778093.995,861778213.995
108.0191178012953,861778213.995,861778333.995
20.5015508300234,861778333.995,861778453.995
