expt,t0,t1
78.42785426000145,813823276.69,813823396.69
118.5091714069052,813823396.69,813823516.69
118.5561401984465,813823516.69,813823636.69
118.5890322581116,813823636.69,813823756.69
114.6326663872755,813823756.69,813823876.69
58.61178909558042,813823876.69,813823996.69
