expt,t0,t1
111.8156530150723,778141842.995,778141962.995
117.9090865310537,778141962.995,778142082.995
117.94644442321,778142082.995,778142202.995
117.9674632515813,778142202.995,778142322.995
117.9791172024773,778142322.995,778142442.995
117.9941512804804,778142442.995,778142562.995
118.0062705336838,778142562.995,778142682.995
118.0060138151694,778142682.995,778142802.995
8.757772698373302,778142802.995,778142922.995
