expt,t0,t1
16.8990782548317,813782288.37,813782408.37
118.5570975445733,813782408.37,813782528.37
118.5764423542983,813782528.37,813782648.37
118.5800845482222,813782648.37,813782768.37
118.5864543763622,813782768.37,813782888.37
118.574185370692,813782888.37,813783008.37
7.3004674012833,813783008.37,813783128.37
