expt,t0,t1
110.0907992912274,840525481.995,840525601.995
119.141511894438,840525601.995,840525721.995
119.1790462805729,840525721.995,840525841.995
115.1285890442433,840525841.995,840525961.995
119.2143664695206,840525961.995,840526081.995
119.2259081060665,840526081.995,840526201.995
119.2285983021659,840526201.995,840526321.995
119.2290529078686,840526321.995,840526441.995
119.1955083553126,840526441.995,840526561.995
84.20882280577386,840526561.995,840526681.995
