expt,t0,t1
95.48716542299124,773046792.995,773046912.995
108.8306997801646,773046912.995,773047032.995
109.1004013839781,773047032.995,773047152.995
109.3130830975207,773047152.995,773047272.995
109.4751799261816,773047272.995,773047392.995
105.565725404665,773047392.995,773047512.995
109.6060194058314,773047512.995,773047632.995
109.561323423519,773047632.995,773047752.995
39.94485377834108,773047752.995,773047872.995
