expt,t0,t1
63.05625486415123,787953996.994,787954116.994
89.2424082579041,787954116.994,787954236.994
89.35451697383644,787954236.994,787954356.994
89.38465959750447,787954356.994,787954476.994
84.3764858333444,787954476.994,787954596.994
88.24777059456989,787954596.994,787954716.994
89.20299314615589,787954716.994,787954836.994
89.03281174379553,787954836.994,787954956.994
88.75351674612132,787954956.994,787955076.994
26.48180071912771,787955076.994,787955196.994
