expt,t0,t1
106.037038615578,869900587.995,869900707.995
110.0396184915024,869900707.995,869900827.995
114.1441704606434,869900827.995,869900947.995
114.1774529463826,869900947.995,869901067.995
114.2107514770289,869901067.995,869901187.995
114.2232665046088,869901187.995,869901307.995
114.2242880303643,869901307.995,869901427.995
114.2063498241665,869901427.995,869901547.995
47.42421812266051,869901547.995,869901667.995
