expt,t0,t1
108.8793927562146,870764242.995,870764362.995
117.9199970679183,870764362.995,870764482.995
117.9504877398127,870764482.995,870764602.995
117.965093953625,870764602.995,870764722.995
117.9852891434291,870764722.995,870764842.995
117.9902898061587,870764842.995,870764962.995
117.9952637273763,870764962.995,870765082.995
117.9988256967645,870765082.995,870765202.995
36.35889765816539,870765202.995,870765322.995
