expt,t0,t1
96.30712616006812,870764242.995,870764362.995
105.4801281553418,870764362.995,870764482.995
105.6402094705037,870764482.995,870764602.995
105.7327316739704,870764602.995,870764722.995
105.8069059486858,870764722.995,870764842.995
105.8628899325773,870764842.995,870764962.995
105.8746283282343,870764962.995,870765082.995
105.8732433664446,870765082.995,870765202.995
32.3990718645849,870765202.995,870765322.995
