expt,t0,t1
111.2016259723912,746272131.995,746272251.995
118.2381087454502,746272251.995,746272371.995
118.2810663102031,746272371.995,746272491.995
118.297961597436,746272491.995,746272611.995
118.3061872865035,746272611.995,746272731.995
106.0253549824356,746272731.995,746272851.995
