expt,t0,t1
100.6022042721317,765922103.99,765922223.99
107.6339520456687,765922223.99,765922343.99
107.6254846370029,765922343.99,765922463.99
107.577562707107,765922463.99,765922583.99
107.4989126412418,765922583.99,765922703.99
107.3641828827435,765922703.99,765922823.99
107.1779449315035,765922823.99,765922943.99
97.23900085773195,765922943.99,765923063.99
