expt,t0,t1
110.8731561414876,867096901.99,867097021.99
118.870545502426,867097021.99,867097141.99
118.8580090816365,867097141.99,867097261.99
114.6907861175949,867097261.99,867097381.99
114.8106097559126,867097381.99,867097501.99
118.7209588330318,867097501.99,867097621.99
118.5975841936245,867097621.99,867097741.99
21.74122239744126,867097741.99,867097861.99
