expt,t0,t1
99.93654869136148,907580256.02,907580376.02
106.962144238971,907580376.02,907580496.02
103.0164842844778,907580496.02,907580616.02
99.05184584952431,907580616.02,907580736.02
103.0449154106496,907580736.02,907580856.02
103.0379674610307,907580856.02,907580976.02
95.01273413281255,907580976.02,907581096.02
106.9603426626591,907581096.02,907581216.02
106.8559244256081,907581216.02,907581336.02
90.69081873261207,907581336.02,907581456.02
100.9206648485189,907581456.02,907581576.02
