expt,t0,t1
98.64894463175158,746248462.995,746248582.995
105.9474852002717,746248582.995,746248702.995
106.0966782385987,746248702.995,746248822.995
106.2378655221899,746248822.995,746248942.995
106.3596802305024,746248942.995,746249062.995
106.4220035110413,746249062.995,746249182.995
106.4395069508964,746249182.995,746249302.995
106.3850937163518,746249302.995,746249422.995
41.34114121484483,746249422.995,746249542.995
