expt,t0,t1
78.28652892943164,916188269.99,916188389.99
94.19841818179067,916188389.99,916188509.99
107.3145139258183,916188509.99,916188629.99
89.32180834277293,916188629.99,916188749.99
86.29580155077059,916188749.99,916188869.99
84.33148141929277,916188869.99,916188989.99
86.36718079773993,916188989.99,916189109.99
87.25766948976448,916189109.99,916189229.99
112.3090714923316,916189229.99,916189349.99
18.6809563828572,916189349.99,916189469.99
