expt,t0,t1
98.48005367776545,817450058.995,817450178.995
106.8991847767969,817450178.995,817450298.995
107.2151418524178,817450298.995,817450418.995
107.4259544305369,817450418.995,817450538.995
107.5550936725424,817450538.995,817450658.995
107.6243755415859,817450658.995,817450778.995
107.5818470807737,817450778.995,817450898.995
68.71780964786572,817450898.995,817451018.995
