expt,t0,t1
109.8602446720333,848435760.995,848435880.995
118.9233920782879,848435880.995,848436000.995
118.9575623822229,848436000.995,848436120.995
118.985362858018,848436120.995,848436240.995
70.74054560634822,848436240.995,848436360.995
49.89833789827735,848436840.995,848436960.995
118.9668042487435,848436960.995,848437080.995
85.218004650138,848437080.995,848437200.995
