expt,t0,t1
110.4384187146596,870758326.995,870758446.995
118.4783117021462,870758446.995,870758566.995
118.5007531789518,870758566.995,870758686.995
118.5168943555485,870758686.995,870758806.995
118.5287461936327,870758806.995,870758926.995
17.76159875370973,870758926.995,870759046.995
