expt,t0,t1
99.9329673854933,899688464.995,899688584.995
109.1937793361929,899688584.995,899688704.995
109.3419533579185,899688704.995,899688824.995
105.3768476803395,899688824.995,899688944.995
109.44270651316,899688944.995,899689064.995
109.3727152734437,899689064.995,899689184.995
109.2467119002061,899689184.995,899689304.995
105.0059869044178,899689304.995,899689424.995
100.6553150842713,899689424.995,899689544.995
101.6256178457215,899689544.995,899689664.995
