expt,t0,t1
109.7098022742576,866959998.995,866960118.995
118.7882779151465,866960118.995,866960238.995
118.8460288842951,866960238.995,866960358.995
118.8793327632438,866960358.995,866960478.995
118.908304517261,866960478.995,866960598.995
118.9162253530926,866960598.995,866960718.995
104.1134393393569,866960718.995,866960838.995
