expt,t0,t1
111.1259008672753,845241841.99,845241961.99
119.1382494299834,845241961.99,845242081.99
119.1335268789778,845242081.99,845242201.99
119.1281785765932,845242201.99,845242321.99
119.1130268359377,845242321.99,845242441.99
119.0763374815795,845242441.99,845242561.99
119.0316898532731,845242561.99,845242681.99
15.80757864927975,845242681.99,845242801.99
