expt,t0,t1
111.2409252899943,746686351.995,746686471.995
118.3151136031833,746686471.995,746686591.995
118.347679416403,746686591.995,746686711.995
118.3654571735293,746686711.995,746686831.995
118.3805768243705,746686831.995,746686951.995
109.5268737478283,746686951.995,746687071.995
