expt,t0,t1
96.13324789368387,746686351.995,746686471.995
103.4671030837138,746686471.995,746686591.995
103.6717677826686,746686591.995,746686711.995
103.8241023196895,746686711.995,746686831.995
103.9295677229718,746686831.995,746686951.995
95.92127293250635,746686951.995,746687071.995
