expt,t0,t1
53.81769607952067,841791919.99,841792039.99
70.04434253009363,841792039.99,841792159.99
101.0613024334546,841792159.99,841792279.99
86.15824396837165,841792279.99,841792399.99
93.12427618233251,841792399.99,841792519.99
79.08520201220406,841792519.99,841792639.99
60.02789437474235,841792639.99,841792759.99
86.96060173246644,841792759.99,841792879.99
80.82950203428942,841792879.99,841792999.99
91.66141181833034,841792999.99,841793119.99
33.69394677693564,841793119.99,841793239.99
