expt,t0,t1
66.83536832850467,841791919.99,841792039.99
82.97173146025924,841792039.99,841792159.99
113.8991575310455,841792159.99,841792279.99
98.8669405649486,841792279.99,841792399.99
105.81326766389,841792399.99,841792519.99
83.57970087541466,841792519.99,841792639.99
81.10445951046756,841792639.99,841792759.99
96.6566563992773,841792759.99,841792879.99
96.9569640023494,841792879.99,841792999.99
104.6974673089178,841792999.99,841793119.99
38.27651040573959,841793119.99,841793239.99
