expt,t0,t1
106.9314091845369,802249606.995,802249726.995
108.1170616234755,802249726.995,802249846.995
108.2177584794573,802249846.995,802249966.995
108.256858315351,802249966.995,802250086.995
108.2036273652611,802250086.995,802250206.995
108.1429874325886,802250206.995,802250326.995
107.9541203059185,802250326.995,802250446.995
107.7204277086386,802250446.995,802250566.995
107.4526684292864,802250566.995,802250686.995
47.97787587125939,802250686.995,802250806.995
