expt,t0,t1
86.40032626761543,820888640.995,820888760.995
119.2342407611817,820888760.995,820888880.995
119.2257048705759,820888880.995,820889000.995
119.2132005396007,820889000.995,820889120.995
119.1981129785739,820889120.995,820889240.995
119.1607497381153,820889240.995,820889360.995
119.1164283562543,820889360.995,820889480.995
35.83916683147693,820889480.995,820889600.995
