expt,t0,t1
102.499065792587,832100664.99,832100784.99
110.5745580909467,832100784.99,832100904.99
110.5610744182375,832100904.99,832101024.99
110.5663552888017,832101024.99,832101144.99
110.4907735325926,832101144.99,832101264.99
110.3888324629704,832101264.99,832101384.99
110.238845605081,832101384.99,832101504.99
110.0503050141174,832101504.99,832101624.99
109.739566879875,832101624.99,832101744.99
23.53467230549818,832101744.99,832101864.99
