expt,t0,t1
80.26725688183859,782005970.995,782006090.995
106.6167088709471,782006090.995,782006210.995
106.8555697402717,782006210.995,782006330.995
106.9842304385693,782006330.995,782006450.995
106.9778066930323,782006450.995,782006570.995
106.9560639189184,782006570.995,782006690.995
82.72438797848129,782006690.995,782006810.995
