expt,t0,t1
98.60307319023657,820325842.995,820325962.995
106.8497596566659,820325962.995,820326082.995
107.0236905897253,820326082.995,820326202.995
107.1388338357579,820326202.995,820326322.995
107.214640789006,820326322.995,820326442.995
107.2761589901305,820326442.995,820326562.995
107.3054008256426,820326562.995,820326682.995
107.3159287872151,820326682.995,820326802.995
107.2777128496995,820326802.995,820326922.995
49.01590602121785,820326922.995,820327042.995
