expt,t0,t1
64.13722501207411,915117167.995,915117287.995
62.51823168704429,915117287.995,915117407.995
72.4091816131294,915117407.995,915117527.995
65.66017256256167,915117527.995,915117647.995
42.68874882935821,915117647.995,915117767.995
66.65290433261025,915117767.995,915117887.995
72.43228442344339,915117887.995,915118007.995
73.42959894875351,915118007.995,915118127.995
67.3812316337395,915118127.995,915118247.995
75.10758970270997,915118247.995,915118367.995
