expt,t0,t1
97.4195657530943,848737712.995,848737832.995
106.6416607028665,848737832.995,848737952.995
106.8071185973342,848737952.995,848738072.995
106.9199254240874,848738072.995,848738192.995
106.9938801316898,848738192.995,848738312.995
107.0301481148182,848738312.995,848738432.995
107.0213992098537,848738432.995,848738552.995
106.9695701113314,848738552.995,848738672.995
106.8560708036834,848738672.995,848738792.995
106.7268527427143,848738792.995,848738912.995
