expt,t0,t1
98.16722688759278,763867860.995,763867980.995
105.6759989099243,763867980.995,763868100.995
106.0100899771093,763868100.995,763868220.995
106.2430732037164,763868220.995,763868340.995
106.4153601983913,763868340.995,763868460.995
43.48415259445176,763868460.995,763868580.995
88.21723055495434,763869300.995,763869420.995
35.97204760933705,763869420.995,763869540.995
