expt,t0,t1
99.25716299892603,823290785.99,823290905.99
107.3618858729459,823290905.99,823291025.99
107.4390552682798,823291025.99,823291145.99
107.4790896718852,823291145.99,823291265.99
107.4769446700889,823291265.99,823291385.99
107.4507373646771,823291385.99,823291505.99
107.3897145970383,823291505.99,823291625.99
107.3139132737162,823291625.99,823291745.99
107.1999072727305,823291745.99,823291865.99
106.9952538336276,823291865.99,823291985.99
53.18600488419342,823291985.99,823292105.99
