expt,t0,t1
113.1262339411848,774213079.99,774213199.99
119.0428624569545,774213199.99,774213319.99
119.035150204916,774213319.99,774213439.99
119.0230897830387,774213439.99,774213559.99
119.0105587105517,774213559.99,774213679.99
118.9797364439094,774213679.99,774213799.99
118.9315963741459,774213799.99,774213919.99
118.8605013905477,774213919.99,774214039.99
93.05839193290427,774214039.99,774214159.99
