expt,t0,t1
89.89567738937872,916182161.99,916182281.99
66.24803134772596,916182281.99,916182401.99
72.24772667400858,916182401.99,916182521.99
74.57978719633354,916182521.99,916182641.99
72.52973281213782,916182641.99,916182761.99
85.64784365012525,916182761.99,916182881.99
83.65326402690644,916182881.99,916183001.99
69.580244507982,916183001.99,916183121.99
59.39648749119831,916183121.99,916183241.99
61.27003997477485,916183241.99,916183361.99
80.17924978579103,916183361.99,916183481.99
