expt,t0,t1
105.9976655851486,781485908.995,781486028.995
118.732489772973,781486028.995,781486148.995
114.7620466219721,781486148.995,781486268.995
114.7435440465039,781486268.995,781486388.995
118.7366881903449,781486388.995,781486508.995
118.7351746207701,781486508.995,781486628.995
118.7272912230552,781486628.995,781486748.995
118.7090481636214,781486748.995,781486868.995
118.6888422772125,781486868.995,781486988.995
26.64499840261101,781486988.995,781487108.995
