expt,t0,t1
110.8800126651446,849909755.99,849909875.99
118.9072990364128,849909875.99,849909995.99
118.9230604835401,849909995.99,849910115.99
118.9272802941215,849910115.99,849910235.99
118.9328318319967,849910235.99,849910355.99
110.8558891347608,849910355.99,849910475.99
118.9048923003397,849910475.99,849910595.99
26.70754746649654,849910595.99,849910715.99
