expt,t0,t1
111.2229351174386,871676010.99,871676130.99
119.2267317446337,871676130.99,871676250.99
119.2254802418757,871676250.99,871676370.99
119.2163292964957,871676370.99,871676490.99
119.2036859096586,871676490.99,871676610.99
119.178575629963,871676610.99,871676730.99
119.146073996372,871676730.99,871676850.99
119.0889220370904,871676850.99,871676970.99
20.81269765047854,871676970.99,871677090.99
