expt,t0,t1
64.91095767694033,915655870.99,915655990.99
69.96838226416658,915655990.99,915656110.99
71.01833357048729,915656110.99,915656230.99
67.06532656259732,915656230.99,915656350.99
65.00726699891975,915656350.99,915656470.99
70.9783685888921,915656470.99,915656590.99
80.87452460429049,915656590.99,915656710.99
80.71508510068968,915656710.99,915656830.99
77.50519020050443,915656830.99,915656950.99
21.73042740871246,915656950.99,915657070.99
