expt,t0,t1
98.42497429566365,791154590.995,791154710.995
105.7994125172136,791154710.995,791154830.995
106.0376146851992,791154830.995,791154950.995
106.1856310689975,791154950.995,791155070.995
37.20030169812548,791155070.995,791155190.995
97.81372941896701,791155790.995,791155910.995
105.1654378130652,791155910.995,791156030.995
13.59500197127587,791156030.995,791156150.995
