expt,t0,t1
110.7940119628007,845064214.99,845064334.99
118.8112007391667,845064334.99,845064454.99
118.8198917305417,845064454.99,845064574.99
118.8196831467487,845064574.99,845064694.99
118.8092111706797,845064694.99,845064814.99
118.7924602876112,845064814.99,845064934.99
118.7587285444717,845064934.99,845065054.99
117.7148082852896,845065054.99,845065174.99
0.0,845065174.99,845065294.99
