expt,t0,t1
103.8184703336395,779409039.99,779409159.99
99.9301085371939,779409159.99,779409279.99
109.8437993293689,779409279.99,779409399.99
109.7374669174865,779409399.99,779409519.99
105.5823706119072,779409519.99,779409639.99
109.4162064515976,779409639.99,779409759.99
109.1390733454976,779409759.99,779409879.99
57.79331625892605,779409879.99,779409999.99
