expt,t0,t1
111.6357214212628,744875035.995,744875155.995
113.7806450467944,744875155.995,744875275.995
117.8401576099213,744875275.995,744875395.995
113.8173075237937,744875395.995,744875515.995
117.8828638044622,744875515.995,744875635.995
117.9056636175276,744875635.995,744875755.995
117.9032996678736,744875755.995,744875875.995
117.8742637342278,744875875.995,744875995.995
117.8185772097996,744875995.995,744876115.995
27.85303780122502,744876115.995,744876235.995
