expt,t0,t1
103.7669871444664,771295372.99,771295492.99
109.7998521272111,771295492.99,771295612.99
109.7715730090407,771295612.99,771295732.99
109.6383520707036,771295732.99,771295852.99
109.4576708564005,771295852.99,771295972.99
105.1567844716475,771295972.99,771296092.99
100.3370102829128,771296092.99,771296212.99
