expt,t0,t1
98.68899468320255,746260297.995,746260417.995
105.9415625181464,746260417.995,746260537.995
106.1339764981805,746260537.995,746260657.995
106.2644894421238,746260657.995,746260777.995
98.35227563591349,746260777.995,746260897.995
106.4236024100181,746260897.995,746261017.995
106.4505247160287,746261017.995,746261137.995
106.4699761102709,746261137.995,746261257.995
106.4453282943541,746261257.995,746261377.995
16.6274528645935,746261377.995,746261497.995
