expt,t0,t1
98.93123465683175,918275725.995,918275845.995
108.2305440413456,918275845.995,918275965.995
108.4313803906378,918275965.995,918276085.995
108.5239420035863,918276085.995,918276205.995
108.616447317275,918276205.995,918276325.995
108.6872548962576,918276325.995,918276445.995
58.68588539051245,918276445.995,918276565.995
