expt,t0,t1
110.1051487865252,918275725.995,918275845.995
119.1642582244795,918275845.995,918275965.995
119.1974658339853,918275965.995,918276085.995
119.2175594060442,918276085.995,918276205.995
119.229614479619,918276205.995,918276325.995
119.2410384535125,918276325.995,918276445.995
64.57836123320983,918276445.995,918276565.995
