expt,t0,t1
100.0886129865597,845939620.99,845939740.99
108.1778141546675,845939740.99,845939860.99
108.2077935104823,845939860.99,845939980.99
108.201645631318,845939980.99,845940100.99
108.1794130536443,845940100.99,845940220.99
108.1580925239785,845940220.99,845940340.99
106.0943386212758,845940340.99,845940460.99
107.9953595136825,845940460.99,845940580.99
107.8353401277063,845940580.99,845940700.99
88.49246942884957,845940700.99,845940820.99
