expt,t0,t1
103.3470190905937,775425793.99,775425913.99
109.5441127398146,775425913.99,775426033.99
109.6399003003466,775426033.99,775426153.99
109.6642722498906,775426153.99,775426273.99
109.6571672833107,775426273.99,775426393.99
109.6133608293023,775426393.99,775426513.99
109.5255959132842,775426513.99,775426633.99
109.3802593742497,775426633.99,775426753.99
109.1351999564271,775426753.99,775426873.99
108.7725482747729,775426873.99,775426993.99
67.39815867323308,775426993.99,775427113.99
