expt,t0,t1
101.7203371328392,800824032.994,800824152.994
109.7999140563968,800824152.994,800824272.994
109.7964572818484,800824272.994,800824392.994
97.7541854897309,800824392.994,800824512.994
109.6884921914334,800824512.994,800824632.994
109.5491571534879,800824632.994,800824752.994
109.3256153127402,800824752.994,800824872.994
109.0206760022517,800824872.994,800824992.994
74.47533143719906,800824992.994,800825112.994
