expt,t0,t1
74.24324748325601,904716712.995,904716832.995
103.979707456584,904716832.995,904716952.995
73.62723918703227,904716952.995,904717072.995
66.58440249489348,904717072.995,904717192.995
65.70997676574248,904717192.995,904717312.995
74.7015592052871,904717312.995,904717432.995
84.92910835855376,904717432.995,904717552.995
102.1808987048567,904717552.995,904717672.995
97.20287542764356,904717672.995,904717792.995
