expt,t0,t1
96.47978105604241,762643131.99,762643251.99
103.5529876044564,762643251.99,762643371.99
103.6145395851368,762643371.99,762643491.99
103.6366877139208,762643491.99,762643611.99
103.6328537343321,762643611.99,762643731.99
103.5706937216465,762643731.99,762643851.99
103.4948079494348,762643851.99,762643971.99
103.3705554831753,762643971.99,762644091.99
103.2007569157812,762644091.99,762644211.99
102.9271425134154,762644211.99,762644331.99
74.1749160313292,762644331.99,762644451.99
