expt,t0,t1
75.63347382993432,814492816.81,814492936.81
114.9953435852936,814492936.81,814493056.81
118.9515883284594,814493056.81,814493176.81
110.9391743703361,814493176.81,814493296.81
103.9318338294727,814493296.81,814493416.81
114.8072535644788,814493416.81,814493536.81
1.149113620486296,814493536.81,814493656.81
