expt,t0,t1
110.7387693474704,868048766.99,868048886.99
118.7927383993352,868048886.99,868049006.99
118.8247533374092,868049006.99,868049126.99
118.8490239336304,868049126.99,868049246.99
114.866956124028,868049246.99,868049366.99
114.9670363724056,868049366.99,868049486.99
114.8737772203809,868049486.99,868049606.99
118.8051464608674,868049606.99,868049726.99
118.763419005663,868049726.99,868049846.99
118.6959127329649,868049846.99,868049966.99
41.41910804306605,868049966.99,868050086.99
