expt,t0,t1
108.4219405783752,781508974.995,781509094.995
118.5486365302009,781509094.995,781509214.995
118.5705859631872,781509214.995,781509334.995
118.5974076996458,781509334.995,781509454.995
118.6129391697706,781509454.995,781509574.995
118.6233362696063,781509574.995,781509694.995
118.6252081754408,781509694.995,781509814.995
114.5835287274298,781509814.995,781509934.995
118.6316261383023,781509934.995,781510054.995
105.7765029641083,781510054.995,781510174.995
