expt,t0,t1
109.9404799044066,845016259.995,845016379.995
118.9913796982006,845016379.995,845016499.995
119.0304864852366,845016499.995,845016619.995
119.0572814801833,845016619.995,845016739.995
119.0709517410783,845016739.995,845016859.995
119.0753854837551,845016859.995,845016979.995
119.0172013021133,845016979.995,845017099.995
25.71440399015356,845017099.995,845017219.995
