expt,t0,t1
99.10332703598004,779415145.99,779415265.99
110.0661757754398,779415265.99,779415385.99
109.9848177151808,779415385.99,779415505.99
109.8039450833946,779415505.99,779415625.99
109.5469783721357,779415625.99,779415745.99
104.3721916903281,779415745.99,779415865.99
