expt,t0,t1
79.8020922003675,814581606.37,814581726.37
118.9677081118465,814581726.37,814581846.37
118.9562894862554,814581846.37,814581966.37
118.9364954191301,814581966.37,814582086.37
118.9061544997024,814582086.37,814582206.37
81.74799874989316,814582206.37,814582326.37
