expt,t0,t1
110.9926532616661,844886484.99,844886604.99
119.0202444861702,844886604.99,844886724.99
119.0380971195299,844886724.99,844886844.99
119.038599859954,844886844.99,844886964.99
119.0451515303751,844886964.99,844887084.99
119.0258013723477,844887084.99,844887204.99
119.0077508517998,844887204.99,844887324.99
118.9754524536993,844887324.99,844887444.99
118.935088815603,844887444.99,844887564.99
64.34537702220909,844887564.99,844887684.99
