expt,t0,t1
86.61215884927353,766892531.99,766892651.99
118.7134123783672,766892651.99,766892771.99
110.6629825593663,766892771.99,766892891.99
118.6753645552034,766892891.99,766893011.99
118.6275239903734,766893011.99,766893131.99
118.5501928861948,766893131.99,766893251.99
118.4477354574136,766893251.99,766893371.99
12.79976290453015,766893371.99,766893491.99
