expt,t0,t1
90.1348811573282,906492052.99,906492172.99
90.25584512585239,906492172.99,906492292.99
98.2450988803296,906492292.99,906492412.99
98.20658894473095,906492412.99,906492532.99
102.1581227749141,906492532.99,906492652.99
102.0637539557278,906492652.99,906492772.99
97.86442580563067,906492772.99,906492892.99
93.57694427462322,906492892.99,906493012.99
62.15951689525004,906493012.99,906493132.99
