expt,t0,t1
88.40123836314656,839082100.995,839082220.995
98.39268069184591,839082220.995,839082340.995
83.42018968932038,839082340.995,839082460.995
82.4520595640509,839082460.995,839082580.995
64.27360738927646,839082580.995,839082700.995
91.45790392356135,839082700.995,839082820.995
55.32519858150307,839082820.995,839082940.995
52.03023780997275,839083060.995,839083180.995
0.765833274202418,839083540.995,839083660.995
