expt,t0,t1
102.0891997407934,773821877.995,773821997.995
108.5218758207536,773821997.995,773822117.995
108.8659487466916,773822117.995,773822237.995
109.121254629788,773822237.995,773822357.995
109.2984734396166,773822357.995,773822477.995
109.4397733217273,773822477.995,773822597.995
109.5130355484348,773822597.995,773822717.995
61.9059986063416,773822717.995,773822837.995
