expt,t0,t1
102.5409837841355,775260419.99,775260539.99
109.580166785756,775260539.99,775260659.99
109.5317494223744,775260659.99,775260779.99
109.4604295201281,775260779.99,775260899.99
109.2963115480424,775260899.99,775261019.99
109.0587455616919,775261019.99,775261139.99
104.7090983880729,775261139.99,775261259.99
108.1784953757104,775261259.99,775261379.99
29.31878282268861,775261379.99,775261499.99
