expt,t0,t1
96.31875262477811,809551830.99,809551950.99
104.3301144363611,809551950.99,809552070.99
104.3141817458529,809552070.99,809552190.99
104.2337357336018,809552190.99,809552310.99
104.1725891075916,809552310.99,809552430.99
103.995572975098,809552430.99,809552550.99
103.7136319122158,809552550.99,809552670.99
103.3396922289825,809552670.99,809552790.99
17.60444030428656,809552790.99,809552910.99
