expt,t0,t1
101.5473141395596,817894098.995,817894218.995
118.6968700790917,817894218.995,817894338.995
118.7175412678081,817894338.995,817894458.995
118.729430544009,817894458.995,817894578.995
118.7229965362404,817894578.995,817894698.995
118.7043149160111,817894698.995,817894818.995
117.6382406450373,817894818.995,817894938.995
115.7172372262359,817894938.995,817895058.995
118.4908962576571,817895058.995,817895178.995
93.69653648185005,817895178.995,817895298.995
