expt,t0,t1
80.71578182438344,775088964.99,775089084.99
106.674590139892,775089084.99,775089204.99
106.6255534846532,775089204.99,775089324.99
106.5632752435221,775089324.99,775089444.99
106.4288382411745,775089444.99,775089564.99
106.2289026800383,775089564.99,775089684.99
105.9993762279796,775089684.99,775089804.99
32.28540991004976,775089804.99,775089924.99
