expt,t0,t1
112.6419458194409,771596804.995,771596924.995
118.6341291438183,771596924.995,771597044.995
118.6661601267995,771597044.995,771597164.995
118.6921047416671,771597164.995,771597284.995
118.6877619201308,771597284.995,771597404.995
118.6824510558629,771597404.995,771597524.995
118.6621114618944,771597524.995,771597644.995
118.6411835546636,771597644.995,771597764.995
118.6025260250279,771597764.995,771597884.995
101.7034805808391,771597884.995,771598004.995
