expt,t0,t1
101.5370203682315,771596804.995,771596924.995
107.8058730951552,771596924.995,771597044.995
108.0055947191043,771597044.995,771597164.995
108.1324144316083,771597164.995,771597284.995
108.1490452329373,771597284.995,771597404.995
108.1310913990042,771597404.995,771597524.995
108.104760235221,771597524.995,771597644.995
107.9829793064643,771597644.995,771597764.995
107.7778923630614,771597764.995,771597884.995
91.9481112653988,771597884.995,771598004.995
