expt,t0,t1
83.31332490107454,811551104.25,811551224.25
118.6376269335778,811551224.25,811551344.25
118.6686898738274,811551344.25,811551464.25
118.6905216441612,811551464.25,811551584.25
118.7071120781582,811551584.25,811551704.25
118.7133428504362,811551704.25,811551824.25
118.7239431857624,811551824.25,811551944.25
25.48705405907103,811551944.25,811552064.25
