expt,t0,t1
34.62303891133227,772348820.995,772348940.995
118.5507918960619,772348940.995,772349060.995
118.5822773521999,772349060.995,772349180.995
118.5841653029417,772349180.995,772349300.995
118.5997823459046,772349300.995,772349420.995
118.5942842910532,772349420.995,772349540.995
118.5688798547265,772349540.995,772349660.995
38.54431941606013,772349660.995,772349780.995
