expt,t0,t1
100.7572693232503,815007100.99,815007220.99
107.8405703289367,815007220.99,815007340.99
107.8662878307887,815007340.99,815007460.99
107.8740571286336,815007460.99,815007580.99
107.8588619584282,815007580.99,815007700.99
107.800367027552,815007700.99,815007820.99
107.6915349285369,815007820.99,815007940.99
107.5644280898083,815007940.99,815008060.99
107.3754314748408,815008060.99,815008180.99
95.31300556709571,815008180.99,815008300.99
