expt,t0,t1
69.5468814420713,907183975.99,907184095.99
31.69869185298928,907184095.99,907184215.99
60.77689591277017,907184215.99,907184335.99
73.80863304742138,907184335.99,907184455.99
62.77182960035919,907184455.99,907184575.99
77.69374314805759,907184575.99,907184695.99
89.5819034266397,907184695.99,907184815.99
65.55719430250335,907184815.99,907184935.99
58.44862618904286,907184935.99,907185055.99
72.24225624348391,907185055.99,907185175.99
74.76270024570468,907185175.99,907185295.99
