expt,t0,t1
114.0670663310834,765928279.99,765928399.99
119.0109651815329,765928399.99,765928519.99
119.0101201497561,765928519.99,765928639.99
115.021973998653,765928639.99,765928759.99
118.9723130001996,765928759.99,765928879.99
94.18050570794473,765928879.99,765928999.99
