expt,t0,t1
102.2849610895239,765928279.99,765928399.99
107.2651412249982,765928399.99,765928519.99
107.1752031575539,765928519.99,765928639.99
103.0380674385566,765928639.99,765928759.99
106.8363660627723,765928759.99,765928879.99
84.06687517479928,765928879.99,765928999.99
