expt,t0,t1
99.28843785868116,798876900.995,798877020.995
107.6857924040428,798877020.995,798877140.995
108.0246182389725,798877140.995,798877260.995
108.2386961741569,798877260.995,798877380.995
104.4291680056943,798877380.995,798877500.995
108.5294030317816,798877500.995,798877620.995
108.5832251240988,798877620.995,798877740.995
108.5752925584006,798877740.995,798877860.995
108.507159194256,798877860.995,798877980.995
7.936790559789191,798877980.995,798878100.995
