expt,t0,t1
108.8249164731102,782722155.995,782722275.995
118.8545647749009,782722275.995,782722395.995
118.9038172915604,782722395.995,782722515.995
118.9396455692347,782722515.995,782722635.995
118.9564766768389,782722635.995,782722755.995
118.9616163954305,782722755.995,782722875.995
118.9631246167029,782722875.995,782722995.995
118.9557493077146,782722995.995,782723115.995
50.44223744006668,782723115.995,782723235.995
