expt,t0,t1
103.5716349640398,771383986.99,771384106.99
109.6810212796651,771384106.99,771384226.99
109.7168951679753,771384226.99,771384346.99
109.6571841730886,771384346.99,771384466.99
109.5530136527805,771384466.99,771384586.99
101.3424043729626,771384586.99,771384706.99
109.0377966071404,771384706.99,771384826.99
108.6496582505992,771384826.99,771384946.99
5.125999031850295,771384946.99,771385066.99
