expt,t0,t1
99.22983662678392,784077998.99,784078118.99
106.2919578509539,784078118.99,784078238.99
106.2986968723455,784078238.99,784078358.99
106.2951218693516,784078358.99,784078478.99
106.251146517564,784078478.99,784078598.99
106.1780588185617,784078598.99,784078718.99
106.068905813766,784078718.99,784078838.99
105.8917264134192,784078838.99,784078958.99
89.56685458790331,784078958.99,784079078.99
