expt,t0,t1
112.9532102073966,747390667.995,747390787.995
118.9786667834325,747390787.995,747390907.995
119.0085958835765,747390907.995,747391027.995
119.0348293067729,747391027.995,747391147.995
119.0477026706126,747391147.995,747391267.995
119.0581906915887,747391267.995,747391387.995
6.043164631879831,747391387.995,747391507.995
