expt,t0,t1
97.5505128689101,818622358.99,818622478.99
105.7399942784776,818622478.99,818622598.99
105.9134128882734,818622598.99,818622718.99
105.9887187781097,818622718.99,818622838.99
106.0015718991097,818622838.99,818622958.99
105.9422606289672,818622958.99,818623078.99
105.8555541390324,818623078.99,818623198.99
105.7010746002152,818623198.99,818623318.99
105.4689414924302,818623318.99,818623438.99
88.22654808244229,818623438.99,818623558.99
