expt,t0,t1
110.239344870799,818622358.99,818622478.99
118.2805582214766,818622478.99,818622598.99
118.3133807532107,818622598.99,818622718.99
118.3231574499697,818622718.99,818622838.99
118.3197452330484,818622838.99,818622958.99
118.3116372066334,818622958.99,818623078.99
118.2859279170707,818623078.99,818623198.99
118.2402641113112,818623198.99,818623318.99
118.1725439065178,818623318.99,818623438.99
99.37379183945711,818623438.99,818623558.99
