expt,t0,t1
109.37770478599,853400152.995,853400272.995
118.3906423294583,853400272.995,853400392.995
118.4018630678611,853400392.995,853400512.995
118.420705137162,853400512.995,853400632.995
118.421165091167,853400632.995,853400752.995
118.4232723223066,853400752.995,853400872.995
36.52082499118266,853400872.995,853400992.995
