expt,t0,t1
81.1888450512592,814575472.93,814575592.93
119.0030229524918,814575592.93,814575712.93
119.0090290960697,814575712.93,814575832.93
119.0002311386471,814575832.93,814575952.93
118.9793567144401,814575952.93,814576072.93
118.9561397337887,814576072.93,814576192.93
118.9055447932306,814576192.93,814576312.93
66.39712143533808,814576312.93,814576432.93
