expt,t0,t1
113.9118551225464,766537738.99,766537858.99
114.8916859984375,766537858.99,766537978.99
118.9161290836497,766537978.99,766538098.99
118.8996509640028,766538098.99,766538218.99
118.8845687512783,766538218.99,766538338.99
70.362087933016,766538338.99,766538458.99
