expt,t0,t1
103.3636098668506,771016932.99,771017052.99
108.5387712286034,771017052.99,771017172.99
108.6072592780844,771017172.99,771017292.99
108.6381394220551,771017292.99,771017412.99
108.5957122999105,771017412.99,771017532.99
108.4769490114762,771017532.99,771017652.99
108.3326877883029,771017652.99,771017772.99
108.0724557199787,771017772.99,771017892.99
107.6936461507774,771017892.99,771018012.99
107.1956566786196,771018012.99,771018132.99
14.79479177530288,771018132.99,771018252.99
