expt,t0,t1
113.5245305322047,771016932.99,771017052.99
118.4753166528108,771017052.99,771017172.99
118.496693817442,771017172.99,771017292.99
118.4977420847093,771017292.99,771017412.99
118.4762900438448,771017412.99,771017532.99
118.4410500794329,771017532.99,771017652.99
118.4091314108017,771017652.99,771017772.99
118.3433472914715,771017772.99,771017892.99
118.244585539638,771017892.99,771018012.99
118.1141030063616,771018012.99,771018132.99
16.6633624705058,771018132.99,771018252.99
