expt,t0,t1
111.5499923123772,775698299.99,775698419.99
118.6195817613323,775698419.99,775698539.99
114.6503893263821,775698539.99,775698659.99
118.5948886492227,775698659.99,775698779.99
118.557343566483,775698779.99,775698899.99
118.4979827583166,775698899.99,775699019.99
118.4042216692127,775699019.99,775699139.99
95.52589085933847,775699139.99,775699259.99
