expt,t0,t1
102.4731062039181,832195593.99,832195713.99
110.4533120051576,832195713.99,832195833.99
110.3844467506362,832195833.99,832195953.99
110.2584039679167,832195953.99,832196073.99
110.0837467744066,832196073.99,832196193.99
109.7735040736499,832196193.99,832196313.99
90.11127582388376,832196313.99,832196433.99
