expt,t0,t1
112.1731773345289,746899396.995,746899516.995
119.0653092820626,746899516.995,746899636.995
119.0847610578352,746899636.995,746899756.995
119.0949067874588,746899756.995,746899876.995
119.1033143188073,746899876.995,746899996.995
49.38733086528792,746899996.995,746900116.995
