expt,t0,t1
74.46340064341679,772052799.995,772052919.995
118.4579132768514,772052919.995,772053039.995
118.496415705718,772053039.995,772053159.995
118.5075187814683,772053159.995,772053279.995
118.4979827583166,772053279.995,772053399.995
118.4477033675993,772053399.995,772053519.995
118.370152983023,772053519.995,772053639.995
118.2795473923259,772053639.995,772053759.995
114.2396938620875,772053759.995,772053879.995
44.21834147397893,772053879.995,772053999.995
