expt,t0,t1
92.36095568785179,858896685.99,858896805.99
108.4813853931442,858896805.99,858896925.99
100.5619378310016,858896925.99,858897045.99
108.5249666501136,858897045.99,858897165.99
108.5136786485345,858897165.99,858897285.99
108.471240266538,858897285.99,858897405.99
108.3742985711812,858897405.99,858897525.99
108.2454914948082,858897525.99,858897645.99
108.0288575732314,858897645.99,858897765.99
39.33665912619661,858897765.99,858897885.99
