expt,t0,t1
43.60700658733079,920506850.99,920506970.99
80.90365374807058,920506970.99,920507090.99
96.11910666835547,920507090.99,920507210.99
73.31086132608436,920507210.99,920507330.99
66.18913292955997,920507330.99,920507450.99
72.00053103037686,920507450.99,920507570.99
71.89512192635434,920507570.99,920507690.99
104.7466782891481,920507690.99,920507810.99
3.101959247938729,920507810.99,920507930.99
