expt,t0,t1
83.23120690122927,791563347.995,791563467.995
118.1467704373265,791563467.995,791563587.995
118.1561887978257,791563587.995,791563707.995
118.1516159992869,791563707.995,791563827.995
118.1234464906274,791563827.995,791563947.995
118.0768627768578,791563947.995,791564067.995
118.0005050637132,791564067.995,791564187.995
117.9202644830375,791564187.995,791564307.995
113.7974106314553,791564307.995,791564427.995
