expt,t0,t1
113.0490297254207,766017039.99,766017159.99
110.9721478620048,766017159.99,766017279.99
119.019463634022,766017279.99,766017399.99
119.003317109123,766017399.99,766017519.99
118.9796722642808,766017519.99,766017639.99
80.08300601130826,766017639.99,766017759.99
