expt,t0,t1
99.63081555593462,837472733.99,837472853.99
107.8526014807444,837472853.99,837472973.99
107.9793761538406,837472973.99,837473093.99
108.0149009867403,837473093.99,837473213.99
108.016533665273,837473213.99,837473333.99
107.9455008892514,837473333.99,837473453.99
107.805681677672,837473453.99,837473573.99
107.6320435007633,837473573.99,837473693.99
103.3064867803895,837473693.99,837473813.99
38.1354455718642,837473813.99,837473933.99
