expt,t0,t1
105.889405595379,802296975.995,802297095.995
107.1078579830457,802297095.995,802297215.995
107.2878636062318,802297215.995,802297335.995
107.3601180761898,802297335.995,802297455.995
107.3908518420852,802297455.995,802297575.995
107.3527935424969,802297575.995,802297695.995
107.1885742317436,802297695.995,802297815.995
106.9572856128548,802297815.995,802297935.995
106.6686449380628,802297935.995,802298055.995
14.85267805320759,802298055.995,802298175.995
