expt,t0,t1
81.217976678529,826698283.995,826698403.995
112.3517457477801,826698403.995,826698523.995
105.4487179483367,826698523.995,826698643.995
100.4788061542377,826698643.995,826698763.995
108.5691542480318,826698763.995,826698883.995
112.5512802131438,826698883.995,826699003.995
112.5564841113639,826699003.995,826699123.995
7.369933208478605,826699123.995,826699243.995
