expt,t0,t1
80.61099201221815,762318004.99,762318124.99
99.65794745774488,762318124.99,762318244.99
106.6229974982607,762318244.99,762318364.99
106.5694681620942,762318364.99,762318484.99
102.508621164093,762318484.99,762318604.99
106.3991122320286,762318604.99,762318724.99
106.225192558821,762318724.99,762318844.99
106.0023769785241,762318844.99,762318964.99
1.410901435795206,762318964.99,762319084.99
