expt,t0,t1
95.45897962291016,774301984.99,774302104.99
106.4286186740615,774302104.99,774302224.99
106.3608174755493,774302224.99,774302344.99
98.23669010959358,774302344.99,774302464.99
106.04717992943,774302464.99,774302584.99
105.8262391144826,774302584.99,774302704.99
105.4985549030566,774302704.99,774302824.99
61.82512920629843,774302824.99,774302944.99
