expt,t0,t1
69.57642676493829,922257217.995,922257337.995
79.3919115889738,922257337.995,922257457.995
74.38668822733497,922257457.995,922257577.995
73.59039393474522,922257577.995,922257697.995
64.68063605942254,922257697.995,922257817.995
74.71642549884311,922257817.995,922257937.995
79.73833154081028,922257937.995,922258057.995
90.73753209132191,922258057.995,922258177.995
76.77860302227283,922258177.995,922258297.995
38.80379617484831,922258297.995,922258417.995
