expt,t0,t1
90.070798452814,903486314.99,903486434.99
77.34902999444259,903486434.99,903486554.99
85.59434341071092,903486554.99,903486674.99
76.35166456917743,903486674.99,903486794.99
68.49733107708937,903486794.99,903486914.99
80.46695995113195,903486914.99,903487034.99
70.21375911552347,903487034.99,903487154.99
71.19918445155565,903487154.99,903487274.99
75.89685587431777,903487274.99,903487394.99
72.74961241222843,903487394.99,903487514.99
74.32161537138994,903487514.99,903487634.99
