expt,t0,t1
71.58504139257133,816935280.4,816935400.4
118.7646063287924,816935400.4,816935520.4
114.8454345552324,816935520.4,816935640.4
114.8832477205893,816935640.4,816935760.4
118.9072455533889,816935760.4,816935880.4
118.9239322568287,816935880.4,816936000.4
118.9532088640819,816936000.4,816936120.4
114.922948836688,816936120.4,816936240.4
118.9225149566969,816936240.4,816936360.4
118.9089623584543,816936360.4,816936480.4
96.67028857542444,816936480.4,816936600.4
