expt,t0,t1
100.1950861465914,876787523.99,876787643.99
108.2148590675804,876787643.99,876787763.99
108.2225551763877,876787763.99,876787883.99
108.2049278781612,876787883.99,876788003.99
108.1365130177178,876788003.99,876788123.99
108.0687850082433,876788123.99,876788243.99
107.9627340926596,876788243.99,876788363.99
103.7992460513169,876788363.99,876788483.99
94.78816568942645,876788483.99,876788603.99
