expt,t0,t1
70.39103380219679,850075121.99,850075241.99
86.60652988438245,850075241.99,850075361.99
85.72828668311547,850075361.99,850075481.99
91.26658788730406,850075481.99,850075601.99
105.7515317402747,850075601.99,850075721.99
92.36304599165263,850075721.99,850075841.99
85.55345987065053,850075841.99,850075961.99
85.68086648751428,850075961.99,850076081.99
85.77432955084632,850076081.99,850076201.99
58.30944846178542,850076201.99,850076321.99
