expt,t0,t1
57.27203921946202,850075121.99,850075241.99
73.5220841853727,850075241.99,850075361.99
72.69231315223595,850075361.99,850075481.99
86.78760341638359,850075481.99,850075601.99
91.82386266475513,850075601.99,850075721.99
71.81294060836439,850075721.99,850075841.99
72.92275231449906,850075841.99,850075961.99
72.89009311392037,850075961.99,850076081.99
72.86170702715643,850076081.99,850076201.99
51.82086477525843,850076201.99,850076321.99
