expt,t0,t1
112.5490911442224,777798622.995,777798742.995
118.5470373877879,777798742.995,777798862.995
118.5616061634835,777798862.995,777798982.995
111.5320634677882,777798982.995,777799102.995
118.5962685112379,777799102.995,777799222.995
118.6063393646281,777799222.995,777799342.995
118.6042321334886,777799342.995,777799462.995
118.609564390966,777799462.995,777799582.995
43.48681802044491,777799582.995,777799702.995
2.642701220061164,777799702.995,777799822.995
