expt,t0,t1
96.84888897425087,901741707.99,901741827.99
104.8877135647379,901741827.99,901741947.99
104.8928762068566,901741947.99,901742067.99
104.8557074355723,901742067.99,901742187.99
104.818977798514,901742187.99,901742307.99
104.7378843447758,901742307.99,901742427.99
104.57821401421,901742427.99,901742547.99
60.64546700859683,901742547.99,901742667.99
