expt,t0,t1
112.4761422855531,772005440.995,772005560.995
118.5479626441005,772005560.995,772005680.995
118.5535248785804,772005680.995,772005800.995
118.5487916309701,772005800.995,772005920.995
118.5275160840843,772005920.995,772006040.995
118.4967579970706,772006040.995,772006160.995
118.4550251935637,772006160.995,772006280.995
114.3814927190741,772006280.995,772006400.995
118.311214690745,772006400.995,772006520.995
19.64682217372416,772006520.995,772006640.995
