expt,t0,t1
101.2761415206168,772005440.995,772005560.995
107.5106566668248,772005560.995,772005680.995
107.6374932691067,772005680.995,772005800.995
107.685758624487,772005800.995,772005920.995
107.6658174266849,772005920.995,772006040.995
107.6559256467475,772006040.995,772006160.995
107.5498353216821,772006160.995,772006280.995
103.3481426026757,772006280.995,772006400.995
107.102244946849,772006400.995,772006520.995
17.49605602227218,772006520.995,772006640.995
