expt,t0,t1
94.32848433490567,788876487.995,788876607.995
102.6331928184292,788876607.995,788876727.995
102.7936963780393,788876727.995,788876847.995
102.9011998145243,788876847.995,788876967.995
102.9980345412876,788876967.995,788877087.995
103.0630714461462,788877087.995,788877207.995
103.0974477741472,788877207.995,788877327.995
103.1205023210132,788877327.995,788877447.995
101.0829809444859,788877447.995,788877567.995
