expt,t0,t1
99.14113647548157,768389378.995,768389498.995
107.6105090339104,768389498.995,768389618.995
107.9495431761012,768389618.995,768389738.995
108.1787543523053,768389738.995,768389858.995
108.3343598763174,768389858.995,768389978.995
108.4578523025704,768389978.995,768390098.995
108.492065362718,768390098.995,768390218.995
45.00382291153772,768390218.995,768390338.995
