expt,t0,t1
97.28045591218778,900889111.995,900889231.995
106.4150618123146,900889231.995,900889351.995
98.6366106592673,900889351.995,900889471.995
102.8745125370473,900889471.995,900889591.995
106.9644975480283,900889591.995,900889711.995
97.20336213777408,900889711.995,900889831.995
62.54998346406753,900890671.995,900890791.995
27.20188241878572,900890791.995,900890911.995
