expt,t0,t1
99.58291547817025,836543474.995,836543594.995
108.976931477429,836543594.995,836543714.995
105.2601981759893,836543714.995,836543834.995
109.4520465603519,836543834.995,836543954.995
109.5455202213083,836543954.995,836544074.995
109.2639957729481,836544074.995,836544194.995
30.823685222977,836544194.995,836544314.995
66.75915081526341,836545034.995,836545154.995
15.11381090968772,836545154.995,836545274.995
