expt,t0,t1
109.229594915552,840224490.99,840224610.99
118.244098844121,840224610.99,840224730.99
118.253779271437,840224730.99,840224850.99
118.2497787412534,840224850.99,840224970.99
114.5928741067168,840224970.99,840225090.99
46.54231330429011,840225090.99,840225210.99
67.60364140187288,840225210.99,840225330.99
90.5381237702067,840225330.99,840225450.99
