expt,t0,t1
109.9629927382858,841176772.99,841176892.99
117.9928035082794,841176892.99,841177012.99
118.0063721514291,841177012.99,841177132.99
118.0214222743393,841177132.99,841177252.99
118.0275300356625,841177252.99,841177372.99
118.0162558142358,841177372.99,841177492.99
118.008345675009,841177492.99,841177612.99
117.9908620745139,841177612.99,841177732.99
113.9797563287717,841177732.99,841177852.99
75.6071990979973,841177852.99,841177972.99
