expt,t0,t1
103.1469914533005,832189497.99,832189617.99
111.1708235509171,832189617.99,832189737.99
111.1521490864594,832189737.99,832189857.99
111.0796412698324,832189857.99,832189977.99
110.9872204050333,832189977.99,832190097.99
107.2238530521589,832190097.99,832190217.99
102.1032863200324,832190217.99,832190337.99
110.2550710517398,832190337.99,832190457.99
36.48291205462628,832190457.99,832190577.99
