expt,t0,t1
99.73356862343579,814753016.99,814753136.99
106.7536905998352,814753136.99,814753256.99
106.7144331260143,814753256.99,814753376.99
106.6831363675214,814753376.99,814753496.99
106.614507569891,814753496.99,814753616.99
106.4988745202986,814753616.99,814753736.99
106.3217176396557,814753736.99,814753856.99
25.43698311852545,814753856.99,814753976.99
