expt,t0,t1
102.1148021136549,762654951.99,762655071.99
109.2707910935995,762655071.99,762655191.99
109.3253563361454,762655191.99,762655311.99
109.3590176635475,762655311.99,762655431.99
109.3623336899466,762655431.99,762655551.99
109.3155602649496,762655551.99,762655671.99
109.2594467927606,762655671.99,762655791.99
109.1181638004279,762655791.99,762655911.99
108.9191909566334,762655911.99,762656031.99
108.6624719621174,762656031.99,762656151.99
91.83375554143018,762656151.99,762656271.99
