expt,t0,t1
95.45831911065477,913519313.995,913519433.995
100.8654259297368,913519433.995,913519553.995
105.0975071262556,913519553.995,913519673.995
105.2665175040133,913519673.995,913519793.995
105.401815885035,913519793.995,913519913.995
105.4984366746112,913519913.995,913520033.995
101.5221098923682,913520033.995,913520153.995
105.5547471942092,913520153.995,913520273.995
104.5537331865676,913520273.995,913520393.995
