expt,t0,t1
69.36013747672332,769330267.995,769330387.995
108.4911364249322,769330387.995,769330507.995
100.6863184656473,769330507.995,769330627.995
108.8449040833985,769330627.995,769330747.995
108.9572267365179,769330747.995,769330867.995
109.009511859044,769330867.995,769330987.995
96.11145664908739,769330987.995,769331107.995
