expt,t0,t1
104.6895542772464,764460201.99,764460321.99
118.6761400590491,764460321.99,764460441.99
114.7075854070786,764460441.99,764460561.99
118.6997742072866,764460561.99,764460681.99
118.7042400397777,764460681.99,764460801.99
118.6960731820364,764460801.99,764460921.99
118.6854193636864,764460921.99,764461041.99
118.6706420041978,764461041.99,764461161.99
118.6461414309741,764461161.99,764461281.99
11.84794509321481,764461281.99,764461401.99
