expt,t0,t1
111.3253278515778,908597895.995,908598015.995
119.1696439649808,908598015.995,908598135.995
115.1550624818678,908598135.995,908598255.995
119.1736712366764,908598255.995,908598375.995
119.1706922322482,908598375.995,908598495.995
119.1660285125688,908598495.995,908598615.995
119.153764855201,908598615.995,908598735.995
115.1711796035819,908598735.995,908598855.995
119.1072667142695,908598855.995,908598975.995
115.9882053490479,908598975.995,908599095.995
