expt,t0,t1
107.8480471967879,766791855.99,766791975.99
118.8821780601124,766791975.99,766792095.99
118.8834081696609,766792095.99,766792215.99
118.8658496929323,766792215.99,766792335.99
118.8214159967213,766792335.99,766792455.99
118.7617289421095,766792455.99,766792575.99
118.6687968398751,766792575.99,766792695.99
104.6832439396117,766792695.99,766792815.99
