expt,t0,t1
101.5843800504784,806190669.994,806190789.994
109.634264744446,806190789.994,806190909.994
109.6705833969082,806190909.994,806191029.994
109.6109681107631,806191029.994,806191149.994
109.5026933744195,806191149.994,806191269.994
109.306360965907,806191269.994,806191389.994
109.0094105203765,806191389.994,806191509.994
108.5985779322316,806191509.994,806191629.994
76.26595804003603,806191629.994,806191749.994
