expt,t0,t1
99.99656369687487,888519296.99,888519416.99
108.0409337644469,888519416.99,888519536.99
108.0586173619331,888519536.99,888519656.99
108.0598897252034,888519656.99,888519776.99
108.0239989471153,888519776.99,888519896.99
107.9603695237503,888519896.99,888520016.99
99.85645673810465,888520016.99,888520136.99
101.6754101995795,888520136.99,888520256.99
29.3670031386611,888520256.99,888520376.99
