expt,t0,t1
117.5269357891161,820084010.995,820084130.995
118.5456147393536,820084130.995,820084250.995
118.5422078707347,820084250.995,820084370.995
118.5370039725145,820084370.995,820084490.995
118.5178944880944,820084490.995,820084610.995
118.496875659723,820084610.995,820084730.995
118.4496073632482,820084730.995,820084850.995
118.3968570568291,820084850.995,820084970.995
10.79151113312989,820084970.995,820085090.995
