expt,t0,t1
113.6125661235996,775444088.99,775444208.99
118.6136772354997,775444208.99,775444328.99
118.5862992755931,775444328.99,775444448.99
118.5252484038732,775444448.99,775444568.99
118.447644536273,775444568.99,775444688.99
118.3180284279829,775444688.99,775444808.99
8.856008330716909,775444808.99,775444928.99
