expt,t0,t1
108.8155061225863,838360329.995,838360449.995
118.8451410660992,838360449.995,838360569.995
110.7272395983595,838360569.995,838360689.995
118.8702513457948,838360689.995,838360809.995
118.8729041037776,838360809.995,838360929.995
114.8663858581666,838360929.995,838361049.995
114.9845239862073,838361049.995,838361169.995
114.7654853170303,838361169.995,838361289.995
118.8443281241368,838361289.995,838361409.995
33.66322609295439,838361409.995,838361529.995
