expt,t0,t1
93.37647304789462,904805667.995,904805787.995
107.3690583986375,904805787.995,904805907.995
107.4262809662434,904805907.995,904806027.995
100.4836887004403,904806027.995,904806147.995
107.5121880066899,904806147.995,904806267.995
107.5047452445514,904806267.995,904806387.995
107.4689952146127,904806387.995,904806507.995
49.94307166888438,904806507.995,904806627.995
