expt,t0,t1
75.5860568136259,915567069.99,915567189.99
87.7639803957432,915567189.99,915567309.99
90.0124608020492,915567309.99,915567429.99
86.1787189416397,915567429.99,915567549.99
86.08444214131919,915567549.99,915567669.99
83.19108006759943,915567669.99,915567789.99
82.13005392657882,915567789.99,915567909.99
83.09106587381616,915567909.99,915568029.99
78.5248377095411,915568029.99,915568149.99
72.74813222245196,915568149.99,915568269.99
