expt,t0,t1
100.8283578241717,792901223.99,792901343.99
106.8158731322247,792901343.99,792901463.99
106.7586956040266,792901463.99,792901583.99
106.681909043659,792901583.99,792901703.99
106.5418308554848,792901703.99,792901823.99
106.3516688458406,792901823.99,792901943.99
89.85135726710402,792901943.99,792902063.99
