expt,t0,t1
113.7081844086269,774562377.99,774562497.99
118.7237666917837,774562497.99,774562617.99
118.719445263457,774562617.99,774562737.99
118.6976509312399,774562737.99,774562857.99
118.6656573863754,774562857.99,774562977.99
118.6151961533769,774562977.99,774563097.99
118.5480642618458,774563097.99,774563217.99
38.43706308919711,774563217.99,774563337.99
