expt,t0,t1
98.21205794152229,799657802.995,799657922.995
106.6867620398491,799657922.995,799658042.995
107.0238988969864,799658042.995,799658162.995
107.2699041423728,799658162.995,799658282.995
107.40485909791,799658282.995,799658402.995
107.51305501529,799658402.995,799658522.995
107.575361406051,799658522.995,799658642.995
107.5884003146081,799658642.995,799658762.995
100.1666520915533,799658762.995,799658882.995
