expt,t0,t1
109.551781332003,818059913.995,818060033.995
118.5905993107103,818060033.995,818060153.995
118.6057243098538,818060153.995,818060273.995
118.6139981336428,818060273.995,818060393.995
118.5889948199949,818060393.995,818060513.995
118.5426357349254,818060513.995,818060633.995
18.73022226611328,818060633.995,818060753.995
