expt,t0,t1
97.72747895303606,822468007.995,822468127.995
101.9550774453163,822468127.995,822468247.995
106.091746423445,822468247.995,822468367.995
106.1516938752226,822468367.995,822468487.995
106.187505834347,822468487.995,822468607.995
106.1968458815389,822468607.995,822468727.995
64.37682192136178,822468727.995,822468847.995
