expt,t0,t1
101.9563415496012,826266281.995,826266401.995
110.2551949101112,826266401.995,826266521.995
110.4641045732509,826266521.995,826266641.995
106.6382181478063,826266641.995,826266761.995
110.7286829444275,826266761.995,826266881.995
110.7972667026501,826266881.995,826267001.995
110.8516630474167,826267001.995,826267121.995
110.8407916603598,826267121.995,826267241.995
9.077648606614206,826267241.995,826267361.995
