expt,t0,t1
113.7199406530849,771365893.99,771366013.99
118.7646384186067,771366013.99,771366133.99
118.8164046373869,771366133.99,771366253.99
114.7153964543862,771366253.99,771366373.99
118.8498208306857,771366373.99,771366493.99
118.8539390235219,771366493.99,771366613.99
114.7812749681936,771366613.99,771366733.99
118.8194103833271,771366733.99,771366853.99
118.7792339358141,771366853.99,771366973.99
118.7151933630613,771366973.99,771367093.99
107.8041183876606,771367093.99,771367213.99
