expt,t0,t1
110.3004375031404,761874317.99,761874437.99
119.2299407260645,761874437.99,761874557.99
119.2261113415571,761874557.99,761874677.99
119.2139813917489,761874677.99,761874797.99
119.1963694319965,761874797.99,761874917.99
119.1730829234141,761874917.99,761875037.99
115.092290791776,761875037.99,761875157.99
32.73697450203321,761875157.99,761875277.99
