expt,t0,t1
112.4862178280665,776840177.995,776840297.995
97.49138294485526,776840297.995,776840417.995
118.546663006621,776840417.995,776840537.995
118.5601300320254,776840537.995,776840657.995
118.5714844779878,776840657.995,776840777.995
118.5712812424972,776840777.995,776840897.995
118.5683289795809,776840897.995,776841017.995
118.5694093366626,776841017.995,776841137.995
118.5584239235647,776841137.995,776841257.995
7.859069553855916,776841257.995,776841377.995
