expt,t0,t1
94.78350428191092,872303160.99,872303280.99
106.7287950671755,872303280.99,872303400.99
106.6305359691407,872303400.99,872303520.99
103.716324151212,872303520.99,872303640.99
104.8817958951601,872303640.99,872303760.99
105.8078292565456,872303760.99,872303880.99
94.13645867456911,872303880.99,872304000.99
