expt,t0,t1
110.6660501357385,768129046.995,768129166.995
112.779244961533,768129166.995,768129286.995
116.749569225776,768129286.995,768129406.995
116.7732622053397,768129406.995,768129526.995
116.7925802735527,768129526.995,768129646.995
103.8475808885986,768129646.995,768129766.995
116.8073201949246,768129766.995,768129886.995
112.8050037124942,768129886.995,768130006.995
116.7952758179546,768130006.995,768130126.995
51.52585811034503,768130126.995,768130246.995
