expt,t0,t1
105.2462991512999,803374254.995,803374374.995
106.3978398687583,803374374.995,803374494.995
106.5268608823183,803374494.995,803374614.995
106.6104315034854,803374614.995,803374734.995
106.6715499798657,803374734.995,803374854.995
99.69883761009844,803374854.995,803374974.995
106.6462828720917,803374974.995,803375094.995
23.75463418089846,803375094.995,803375214.995
