expt,t0,t1
92.7126808517707,876077436.99,876077556.99
118.8609399513433,876077556.99,876077676.99
118.8730110698252,876077676.99,876077796.99
114.8318772678667,876077796.99,876077916.99
118.8772148354995,876077916.99,876078036.99
118.8738721465092,876078036.99,876078156.99
118.8601804924046,876078156.99,876078276.99
114.7914942390546,876078276.99,876078396.99
118.8227798138293,876078396.99,876078516.99
118.7790307003235,876078516.99,876078636.99
75.11962261945497,876078636.99,876078756.99
