expt,t0,t1
27.06250372497176,765542948.995,765543068.995
87.4539951365994,765543068.995,765543188.995
100.092939902324,765543188.995,765543308.995
107.3658211912021,765543308.995,765543428.995
107.4088225657961,765543428.995,765543548.995
107.4145707202162,765543548.995,765543668.995
107.4161977688229,765543668.995,765543788.995
107.3565092936401,765543788.995,765543908.995
105.4092948586118,765543908.995,765544028.995
26.56995571915348,765544028.995,765544148.995
