expt,t0,t1
93.37400791633632,904545191.995,904545311.995
102.6736832460386,904545311.995,904545431.995
102.9102414756396,904545431.995,904545551.995
103.055803211713,904545551.995,904545671.995
103.1609026698069,904545671.995,904545791.995
103.2254610309577,904545791.995,904545911.995
103.2510771941422,904545911.995,904546031.995
103.2789509576425,904546031.995,904546151.995
103.2813380462557,904546151.995,904546271.995
80.61543025678465,904546271.995,904546391.995
