expt,t0,t1
99.7779649311329,806711079.99,806711199.99
108.0425214035718,806711199.99,806711319.99
108.2345750683435,806711319.99,806711439.99
108.3443698847002,806711439.99,806711559.99
108.3645193897633,806711559.99,806711679.99
108.3109224944851,806711679.99,806711799.99
108.2110476076956,806711799.99,806711919.99
107.9974876257009,806711919.99,806712039.99
107.6815136603021,806712039.99,806712159.99
107.2502388109435,806712159.99,806712279.99
50.53531927121379,806712279.99,806712399.99
