expt,t0,t1
96.40085187915471,875165883.995,875166003.995
106.6532189408924,875166003.995,875166123.995
106.8265925112804,875166123.995,875166243.995
106.9438638693314,875166243.995,875166363.995
107.041498045583,875166363.995,875166483.995
107.0869259182721,875166483.995,875166603.995
6.034427664907158,875166603.995,875166723.995
