expt,t0,t1
111.7974175047426,771584958.995,771585078.995
118.801525660153,771585078.995,771585198.995
118.8348509323113,771585198.995,771585318.995
118.8455047506614,771585318.995,771585438.995
118.8347439662636,771585438.995,771585558.995
118.8137893175209,771585558.995,771585678.995
118.7888662284088,771585678.995,771585798.995
118.7471815596234,771585798.995,771585918.995
118.6786858509842,771585918.995,771586038.995
110.6385436233075,771586038.995,771586158.995
