expt,t0,t1
110.8707868435312,876704820.99,876704940.99
118.8820978355766,876704940.99,876705060.99
118.8870343186776,876705060.99,876705180.99
118.8880772376426,876705180.99,876705300.99
118.8791455726603,876705300.99,876705420.99
118.8666733314995,876705420.99,876705540.99
118.8373646344321,876705540.99,876705660.99
112.8532470900204,876705660.99,876705780.99
