expt,t0,t1
102.9927029801773,797557662.994,797557782.994
109.0650623386355,797557782.994,797557902.994
109.0471929535921,797557902.994,797558022.994
108.9719827724973,797558022.994,797558142.994
108.8427309319723,797558142.994,797558262.994
108.6215198805781,797558262.994,797558382.994
108.3265230193607,797558382.994,797558502.994
107.9084728661164,797558502.994,797558622.994
37.33756554427852,797558622.994,797558742.994
