expt,t0,t1
109.0810558459273,906958782.995,906958902.995
118.141882088947,906958902.995,906959022.995
118.1715384256695,906959022.995,906959142.995
118.0960952722327,906959142.995,906959262.995
41.44989544242955,906959262.995,906959382.995
15.06900957816529,906960102.995,906960222.995
118.1291852190861,906960222.995,906960342.995
118.099742814459,906960342.995,906960462.995
11.79733890776333,906960462.995,906960582.995
