expt,t0,t1
94.1959602188508,835685680.995,835685800.995
103.4205098163479,835685800.995,835685920.995
103.5943337808139,835685920.995,835686040.995
103.7251676305378,835686040.995,835686160.995
103.7871474855922,835686160.995,835686280.995
103.8490597815349,835686280.995,835686400.995
103.9001513597544,835686400.995,835686520.995
103.9019754557702,835686520.995,835686640.995
23.98154400591758,835686640.995,835686760.995
