expt,t0,t1
102.8585253062136,801344706.99,801344826.99
110.8786923220208,801344826.99,801344946.99
110.8495630850282,801344946.99,801345066.99
106.7469620721347,801345066.99,801345186.99
110.626803803991,801345186.99,801345306.99
110.4414947905369,801345306.99,801345426.99
106.1341846602469,801345426.99,801345546.99
109.6983558217409,801345546.99,801345666.99
21.70149827197769,801345666.99,801345786.99
