expt,t0,t1
87.94619422951968,762045925.99,762046045.99
101.9686307264608,762046045.99,762046165.99
101.9170662344594,762046165.99,762046285.99
97.83091085630386,762046285.99,762046405.99
101.6987714847201,762046405.99,762046525.99
97.51185732139699,762046525.99,762046645.99
101.236993696431,762046645.99,762046765.99
18.05922071555539,762046765.99,762046885.99
