expt,t0,t1
103.7108574034658,771289322.995,771289442.995
109.8067093770482,771289442.995,771289562.995
109.8383214113956,771289562.995,771289682.995
109.7870496755448,771289682.995,771289802.995
109.6702230816458,771289802.995,771289922.995
109.4921654128469,771289922.995,771290042.995
109.2199753817527,771290042.995,771290162.995
108.8099647628001,771290162.995,771290282.995
4.231154168237797,771290282.995,771290402.995
