expt,t0,t1
101.1900854837873,876089718.99,876089838.99
109.1724025072673,876089838.99,876089958.99
109.1444837043592,876089958.99,876090078.99
109.0571410327892,876090078.99,876090198.99
108.9263634823251,876090198.99,876090318.99
108.7655502767864,876090318.99,876090438.99
96.58053836087032,876090438.99,876090558.99
