expt,t0,t1
96.67127540203158,926487180.995,926487300.995
106.0806892488309,926487300.995,926487420.995
106.3464442745361,926487420.995,926487540.995
106.5296702153797,926487540.995,926487660.995
106.6511020887259,926487660.995,926487780.995
106.7105653668697,926487780.995,926487900.995
106.7537074896131,926487900.995,926488020.995
106.7171242306301,926488020.995,926488140.995
23.76774627849332,926488140.995,926488260.995
