expt,t0,t1
112.570459598105,783906557.99,783906677.99
118.6541050532247,783906677.99,783906797.99
118.6604748813647,783906797.99,783906917.99
118.6593410412592,783906917.99,783907037.99
118.6573086863531,783907037.99,783907157.99
118.6457723981095,783907157.99,783907277.99
118.6270426431587,783907277.99,783907397.99
62.27275522996768,783907397.99,783907517.99
