expt,t0,t1
97.74517815176159,905042004.995,905042124.995
106.9535642317857,905042124.995,905042244.995
107.1027741598906,905042244.995,905042364.995
107.1777084746126,905042364.995,905042484.995
107.0863066264149,905042484.995,905042604.995
106.9502988747204,905042604.995,905042724.995
107.0787005964232,905042724.995,905042844.995
107.2094499972575,905042844.995,905042964.995
107.2318064333026,905042964.995,905043084.995
44.922054534255,905043084.995,905043204.995
