expt,t0,t1
99.54051717322794,907538867.99,907538987.99
107.6797120839903,907538987.99,907539107.99
103.7534547173042,907539107.99,907539227.99
103.8088706996384,907539227.99,907539347.99
107.806813292793,907539347.99,907539467.99
107.7947089519475,907539467.99,907539587.99
107.7548828556032,907539587.99,907539707.99
107.7060094682176,907539707.99,907539827.99
107.6020866646524,907539827.99,907539947.99
107.486217158169,907539947.99,907540067.99
87.39766147543722,907540067.99,907540187.99
