expt,t0,t1
100.6857299004972,775082945.99,775083065.99
106.6978023246853,775083065.99,775083185.99
106.6478648812905,775083185.99,775083305.99
102.6186700672941,775083305.99,775083425.99
106.5176897329057,775083425.99,775083545.99
102.408063193362,775083545.99,775083665.99
106.2355347328364,775083665.99,775083785.99
105.9912860243541,775083785.99,775083905.99
17.26198684091817,775083905.99,775084025.99
