expt,t0,t1
102.8457398375378,771667881.995,771668001.995
109.0608004846727,771668001.995,771668121.995
109.1677634482642,771668121.995,771668241.995
97.27673000330616,771668241.995,771668361.995
109.2546275761264,771668361.995,771668481.995
109.1591215118932,771668481.995,771668601.995
104.9709912845596,771668601.995,771668721.995
108.6641778296877,771668721.995,771668841.995
108.2742210070566,771668841.995,771668961.995
43.36658785928387,771668961.995,771669081.995
