expt,t0,t1
97.06915419808134,805054600.99,805054720.99
101.1929757631148,805054720.99,805054840.99
105.2136074597039,805054840.99,805054960.99
105.2283972752392,805054960.99,805055080.99
97.22643744003389,805055080.99,805055200.99
105.1870173193259,805055200.99,805055320.99
105.0929018468084,805055320.99,805055440.99
104.9452682979763,805055440.99,805055560.99
104.740924504802,805055560.99,805055680.99
104.4424764989622,805055680.99,805055800.99
59.6271866389573,805055800.99,805055920.99
