expt,t0,t1
109.5083852064546,915034327.995,915034447.995
118.5213922778539,915034447.995,915034567.995
118.5385014971822,915034567.995,915034687.995
118.5427320043684,915034687.995,915034807.995
114.5361709723384,915034807.995,915034927.995
114.5836566742452,915034927.995,915035047.995
118.5200979886768,915035047.995,915035167.995
118.487029435033,915035167.995,915035287.995
118.4490885779169,915035287.995,915035407.995
63.12358438484485,915035407.995,915035527.995
