expt,t0,t1
70.86782214075052,794894379.995,794894499.995
104.3643923853306,794894499.995,794894619.995
104.8764956475169,794894619.995,794894739.995
108.9972836598272,794894739.995,794894859.995
109.1865955506493,794894859.995,794894979.995
109.2780142886249,794894979.995,794895099.995
15.30672865419317,794895099.995,794895219.995
