expt,t0,t1
96.88691845663688,913525228.995,913525348.995
106.2055328573177,913525348.995,913525468.995
106.4241935522454,913525468.995,913525588.995
106.5859638451998,913525588.995,913525708.995
106.6793023879327,913525708.995,913525828.995
106.7616287954594,913525828.995,913525948.995
106.8073494242992,913525948.995,913526068.995
106.8348234630552,913526068.995,913526188.995
106.8166162824534,913526188.995,913526308.995
58.50710837972748,913526308.995,913526428.995
