expt,t0,t1
110.1899639948823,823645775.99,823645895.99
118.2232565097283,823645895.99,823646015.99
118.2334824638876,823646015.99,823646135.99
118.2401036622397,823646135.99,823646255.99
118.2465858047298,823646255.99,823646375.99
118.2481368124213,823646375.99,823646495.99
118.2422001967745,823646495.99,823646615.99
118.2267168613711,823646615.99,823646735.99
118.2002106747532,823646735.99,823646855.99
118.1691423862012,823646855.99,823646975.99
44.24016856350832,823646975.99,823647095.99
