expt,t0,t1
98.64609083364236,818717413.99,818717533.99
106.6735091941049,818717533.99,818717653.99
106.6319153010045,818717653.99,818717773.99
106.5328849031112,818717773.99,818717893.99
106.3794863100811,818717893.99,818718013.99
106.123668103721,818718013.99,818718133.99
105.7473469618004,818718133.99,818718253.99
0.6394370208823662,818718253.99,818718373.99
