expt,t0,t1
102.6868672229202,797817811.994,797817931.994
109.8096819779628,797817931.994,797818051.994
109.8797632964946,797818051.994,797818171.994
109.898094335468,797818171.994,797818291.994
109.849541853863,797818291.994,797818411.994
109.7454951919263,797818411.994,797818531.994
105.6008588438061,797818531.994,797818651.994
109.3644223924832,797818651.994,797818771.994
109.0471816937401,797818771.994,797818891.994
73.09636649136436,797818891.994,797819011.994
