expt,t0,t1
105.7716100332462,747930037.995,747930157.995
106.8152031710337,747930157.995,747930277.995
106.7965399664279,747930277.995,747930397.995
106.7705015587954,747930397.995,747930517.995
106.7080881994409,747930517.995,747930637.995
106.5774739168301,747930637.995,747930757.995
106.3664417715979,747930757.995,747930877.995
91.71458885443676,747930877.995,747930997.995
