expt,t0,t1
110.7203818838722,837212596.99,837212716.99
118.7470692452733,837212716.99,837212836.99
118.7535620843682,837212836.99,837212956.99
118.7490106790389,837212956.99,837213076.99
118.7201993740932,837213076.99,837213196.99
118.6750864434794,837213196.99,837213316.99
114.6023702567608,837213316.99,837213436.99
117.4256329178332,837213436.99,837213556.99
1.959855642301398,837213556.99,837213676.99
