expt,t0,t1
100.3759137389698,837212596.99,837212716.99
108.5037193094855,837212716.99,837212836.99
108.5251693274487,837212836.99,837212956.99
108.4952519008197,837212956.99,837213076.99
108.3916556329609,837213076.99,837213196.99
108.2467751179304,837213196.99,837213316.99
103.9593273664788,837213316.99,837213436.99
107.5438394505191,837213436.99,837213556.99
0.6833448135583143,837213556.99,837213676.99
