expt,t0,t1
102.8512852214103,801427335.99,801427455.99
110.9341865023525,801427455.99,801427575.99
84.55629947215654,801427575.99,801427695.99
110.9048264383949,801427695.99,801427815.99
110.8673255014781,801427815.99,801427935.99
110.7542991076119,801427935.99,801428055.99
110.583352035319,801428055.99,801428175.99
108.4362358187104,801428175.99,801428295.99
110.0210181391975,801428295.99,801428415.99
81.96602807512627,801428415.99,801428535.99
