expt,t0,t1
98.28842788736783,875083035.995,875083155.995
106.5291860417458,875083155.995,875083275.995
106.7015968947922,875083275.995,875083395.995
106.83288676852,875083395.995,875083515.995
106.8966569400343,875083515.995,875083635.995
106.9647790443271,875083635.995,875083755.995
106.989849104692,875083755.995,875083875.995
107.0181057031585,875083875.995,875083995.995
28.30560254501588,875083995.995,875084115.995
