expt,t0,t1
110.7682752642282,875083035.995,875083155.995
118.8141636986878,875083155.995,875083275.995
118.8469808821195,875083275.995,875083395.995
118.8640473150287,875083395.995,875083515.995
118.878514472979,875083515.995,875083635.995
118.891532240983,875083635.995,875083755.995
118.8966826561794,875083755.995,875083875.995
118.8954739398405,875083875.995,875083995.995
31.6748512915258,875083995.995,875084115.995
