expt,t0,t1
56.42316273818073,792534265.99,792534385.99
105.577852410409,792534385.99,792534505.99
105.5647797222959,792534505.99,792534625.99
105.5322950494224,792534625.99,792534745.99
105.4727979917228,792534745.99,792534865.99
105.3542317506976,792534865.99,792534985.99
105.1992905579505,792534985.99,792535105.99
101.0725215147803,792535105.99,792535225.99
