expt,t0,t1
102.9573868063277,832544463.99,832544583.99
110.9605739653955,832544583.99,832544703.99
110.9369845755619,832544703.99,832544823.99
110.8446650494303,832544823.99,832544943.99
110.7127221042895,832544943.99,832545063.99
110.4936447948396,832545063.99,832545183.99
110.2123342836665,832545183.99,832545303.99
71.24155536378485,832545303.99,832545423.99
