expt,t0,t1
99.98348537883587,845691633.99,845691753.99
103.9801605764496,845691753.99,845691873.99
107.8754758699792,845691873.99,845691993.99
107.7677584963071,845691993.99,845692113.99
103.6330812700411,845692113.99,845692233.99
95.5843454793678,845692233.99,845692353.99
