expt,t0,t1
99.38361175728186,796716910.995,796717030.995
107.6676809321825,796717030.995,796717150.995
107.8600667625868,796717150.995,796717270.995
107.9691747279746,796717270.995,796717390.995
108.0626877984128,796717390.995,796717510.995
108.1241215506477,796717510.995,796717630.995
108.0417050643054,796717630.995,796717750.995
15.07913889666974,796717750.995,796717870.995
