expt,t0,t1
69.82009979932126,902722977.995,902723097.995
119.0400920363193,902723097.995,902723217.995
118.9297512098232,902723217.995,902723337.995
33.42467761170462,902723337.995,902723457.995
117.0470281170141,902724177.995,902724297.995
118.9991721747749,902724297.995,902724417.995
118.9709545313939,902724417.995,902724537.995
16.81398737806046,902724537.995,902724657.995
