expt,t0,t1
103.5839422958064,919494691.995,919494811.995
112.691063444267,919494811.995,919494931.995
112.7751761958691,919494931.995,919495051.995
106.8046814368101,919495051.995,919495171.995
112.8693437559543,919495171.995,919495291.995
112.9032145549558,919495291.995,919495411.995
54.4641236442131,919495411.995,919495531.995
