expt,t0,t1
98.68511185057234,916365607.99,916365727.99
106.7862428318204,916365727.99,916365847.99
106.8154339979987,916365847.99,916365967.99
106.8323462956264,916365967.99,916366087.99
106.8173932122378,916366087.99,916366207.99
100.8075289609642,916366207.99,916366327.99
106.7225796288995,916366327.99,916366447.99
102.6185323459967,916366447.99,916366567.99
106.4877272668688,916366567.99,916366687.99
106.2484047436143,916366687.99,916366807.99
4.183125890714616,916366807.99,916366927.99
