expt,t0,t1
108.2320146715189,866404798.99,866404918.99
116.2551079737175,866404918.99,866405038.99
116.2482086636414,866405038.99,866405158.99
116.2497115366115,866405158.99,866405278.99
116.2516155322604,866405278.99,866405398.99
116.2265266457743,866405398.99,866405518.99
115.4291995179733,866405518.99,866405638.99
7.457758728600132,866405638.99,866405758.99
