expt,t0,t1
100.214683918909,841360309.99,841360429.99
108.2467075588188,841360429.99,841360549.99
104.2731206463965,841360549.99,841360669.99
108.198098777954,841360669.99,841360789.99
108.1404258162702,841360789.99,841360909.99
108.0531675935897,841360909.99,841361029.99
107.8800980392044,841361029.99,841361149.99
107.6798697219175,841361149.99,841361269.99
34.72693122468223,841361269.99,841361389.99
