expt,t0,t1
112.9095433042828,792806352.99,792806472.99
118.9786667834325,792806472.99,792806592.99
118.9811323508318,792806592.99,792806712.99
118.9726606398546,792806712.99,792806832.99
118.961568260709,792806832.99,792806952.99
37.01313125231748,792806952.99,792807072.99
1.065947452527539,792807312.99,792807432.99
