expt,t0,t1
112.9868597235065,747378827.995,747378947.995
119.0017072701052,747378947.995,747379067.995
119.0361503374619,747379067.995,747379187.995
119.0632234441326,747379187.995,747379307.995
119.0751287652406,747379307.995,747379427.995
67.48231386820518,747379427.995,747379547.995
