expt,t0,t1
111.806919835598,773739034.995,773739154.995
117.8231286151289,773739154.995,773739274.995
117.8511965060431,773739274.995,773739394.995
117.8650860473359,773739394.995,773739514.995
117.8685838370953,773739514.995,773739634.995
117.8845003849919,773739634.995,773739754.995
117.8863829874312,773739754.995,773739874.995
117.8878430739822,773739874.995,773739994.995
117.8833237584672,773739994.995,773740114.995
60.88070672866799,773740114.995,773740234.995
