expt,t0,t1
109.4879921294622,843454098.995,843454218.995
118.5372820842385,843454218.995,843454338.995
118.571821421038,843454338.995,843454458.995
118.6025634631446,843454458.995,843454578.995
118.6184907076458,843454578.995,843454698.995
118.6288289761552,843454698.995,843454818.995
114.6956185846525,843454818.995,843454938.995
