expt,t0,t1
101.3232951622725,866919192.99,866919312.99
109.4118319991153,866919312.99,866919432.99
109.4539663651093,866919432.99,866919552.99
109.4578735337356,866919552.99,866919672.99
109.3969689945423,866919672.99,866919792.99
109.308134392589,866919792.99,866919912.99
109.1570553290605,866919912.99,866920032.99
108.925721670764,866920032.99,866920152.99
108.5642016042307,866920152.99,866920272.99
30.46846566457544,866920272.99,866920392.99
