expt,t0,t1
99.96274969389896,856411233.995,856411353.995
105.3671885490352,856411353.995,856411473.995
109.5977997139085,856411473.995,856411593.995
109.7828384909158,856411593.995,856411713.995
105.9007898280774,856411713.995,856411833.995
110.0063465521077,856411833.995,856411953.995
110.0432113073894,856411953.995,856412073.995
31.93542236379499,856412073.995,856412193.995
