expt,t0,t1
47.14770408385656,918891089.995,918891209.995
76.36394961852008,918891209.995,918891329.995
72.50869489611792,918891329.995,918891449.995
77.57831153386792,918891449.995,918891569.995
85.68362053667346,918891569.995,918891689.995
74.21696661600596,918891689.995,918891809.995
73.15161443529277,918891809.995,918891929.995
67.18560291936764,918891929.995,918892049.995
73.09479221339724,918892049.995,918892169.995
26.85658670217356,918892169.995,918892289.995
