expt,t0,t1
111.9984446406181,741282611.995,741282731.995
118.0107684559892,741282731.995,741282851.995
118.0432486963707,741282851.995,741282971.995
118.0690756485858,741282971.995,741283091.995
118.0702201852961,741283091.995,741283211.995
118.0545764008213,741283211.995,741283331.995
118.0237220443646,741283331.995,741283451.995
111.9489019639963,741283451.995,741283571.995
117.008491558335,741283571.995,741283691.995
