expt,t0,t1
99.31673820801687,867048728.995,867048848.995
108.709110268891,867048848.995,867048968.995
108.9534096467071,867048968.995,867049088.995
109.1165649014512,867049088.995,867049208.995
109.2275814117444,867049208.995,867049328.995
109.3186116848278,867049328.995,867049448.995
109.3798652794315,867049448.995,867049568.995
109.3864917023036,867049568.995,867049688.995
103.1063910042489,867049688.995,867049808.995
82.99500597169002,867049808.995,867049928.995
