expt,t0,t1
66.07900018768366,920240590.99,920240710.99
74.16953320113132,920240710.99,920240830.99
75.12795996483628,920240830.99,920240950.99
90.25601953973558,920240950.99,920241070.99
88.12864177009682,920241070.99,920241190.99
74.09464955574308,920241190.99,920241310.99
74.0340096230706,920241310.99,920241430.99
73.93818828298282,920241430.99,920241550.99
91.3108774550773,920241550.99,920241670.99
