expt,t0,t1
60.14090070229079,896227385.995,896227505.995
83.30047226051447,896227505.995,896227625.995
78.15799200704168,896227625.995,896227745.995
80.81420874586888,896227745.995,896227865.995
95.62941322859547,896227865.995,896227985.995
75.67098712708705,896227985.995,896228105.995
62.72431254398615,896228105.995,896228225.995
91.78535029727392,896228225.995,896228345.995
49.72118268770322,896228345.995,896228465.995
