expt,t0,t1
100.4345057137324,762235019.99,762235139.99
106.4922255777226,762235139.99,762235259.99
106.5131182330143,762235259.99,762235379.99
106.5044481470134,762235379.99,762235499.99
106.457776060684,762235499.99,762235619.99
106.4094206264881,762235619.99,762235739.99
106.3064661701904,762235739.99,762235859.99
106.15271852175,762235859.99,762235979.99
105.9197465549948,762235979.99,762236099.99
25.18695810599322,762236099.99,762236219.99
