expt,t0,t1
102.1428378564698,832112900.99,832113020.99
110.0864040994665,832113020.99,832113140.99
109.979232828614,832113140.99,832113260.99
109.7890877087476,832113260.99,832113380.99
109.5117857048684,832113380.99,832113500.99
91.6797025884484,832113500.99,832113620.99
