expt,t0,t1
96.94437748113371,892186578.995,892186698.995
106.2319090605088,892186698.995,892186818.995
106.4227241415661,892186818.995,892186938.995
102.5994174641502,892186938.995,892187058.995
106.6389076690649,892187058.995,892187178.995
102.6055384768473,892187178.995,892187298.995
48.52400249903865,892187298.995,892187418.995
