expt,t0,t1
89.05534909721386,918281641.995,918281761.995
102.3378919412092,918281761.995,918281881.995
102.5279132027041,918281881.995,918282001.995
102.653421142456,918282001.995,918282121.995
102.7383879852647,918282121.995,918282241.995
102.8002496118737,918282241.995,918282361.995
102.816587657052,918282361.995,918282481.995
102.8240416790424,918282481.995,918282601.995
102.6068841743499,918282601.995,918282721.995
3.963518747257002,918282721.995,918282841.995
