expt,t0,t1
99.5908768763044,791272995.995,791273115.995
105.9846089321482,791273115.995,791273235.995
106.2206041691518,791273235.995,791273355.995
106.37529201523,791273355.995,791273475.995
106.4769290688495,791273475.995,791273595.995
106.5414536504445,791273595.995,791273715.995
76.06401326289937,791273715.995,791273835.995
