expt,t0,t1
99.03430725462438,912892327.995,912892447.995
104.1533150092941,912892447.995,912892567.995
101.1089640717637,912892567.995,912892687.995
107.3296981444777,912892687.995,912892807.995
108.2632948212199,912892807.995,912892927.995
104.292433040109,912892927.995,912893047.995
93.29201537837638,912893047.995,912893167.995
