expt,t0,t1
110.9103803260842,888525529.99,888525649.99
114.9451977829266,888525649.99,888525769.99
118.900126962915,888525769.99,888525889.99
118.8856705015695,888525889.99,888526009.99
118.8642077641002,888526009.99,888526129.99
76.18663484583983,888526129.99,888526249.99
