expt,t0,t1
95.52552270886156,789977016.995,789977136.995
108.0239257580776,789977136.995,789977256.995
108.3553763899806,789977256.995,789977376.995
108.627301814554,789977376.995,789977496.995
108.8299622598619,789977496.995,789977616.995
108.9615842992222,789977616.995,789977736.995
102.9820399003814,789977736.995,789977856.995
59.05962028031144,789977856.995,789977976.995
