expt,t0,t1
100.0114786593202,924546889.99,924547009.99
107.0720629136991,924547009.99,924547129.99
107.1185661022494,924547129.99,924547249.99
107.1354783998771,924547249.99,924547369.99
107.1464961650094,924547369.99,924547489.99
103.1352976212797,924547489.99,924547609.99
107.1049247916129,924547609.99,924547729.99
107.0391278467477,924547729.99,924547849.99
106.9346983498447,924547849.99,924547969.99
106.7864792887113,924547969.99,924548089.99
65.51261635683545,924548089.99,924548209.99
