expt,t0,t1
96.0490004448434,773910638.995,773910758.995
102.2752139753339,773910758.995,773910878.995
102.4657982294263,773910878.995,773910998.995
102.586233605875,773910998.995,773911118.995
102.6931796796887,773911118.995,773911238.995
102.7614819416126,773911238.995,773911358.995
102.8015782744037,773911358.995,773911478.995
102.8090829657279,773911478.995,773911598.995
77.63568673044128,773911598.995,773911718.995
