expt,t0,t1
110.1136972028783,907278709.99,907278829.99
114.1451171443917,907278829.99,907278949.99
118.1589110837395,907278949.99,907279069.99
118.1647514299435,907279069.99,907279189.99
118.1705489897283,907279189.99,907279309.99
118.1613606062316,907279309.99,907279429.99
118.1547019697629,907279429.99,907279549.99
118.1413793485229,907279549.99,907279669.99
118.1144078595975,907279669.99,907279789.99
111.0938329320052,907279789.99,907279909.99
