expt,t0,t1
81.12581617808146,905237191.995,905237311.995
88.5722774996373,905237311.995,905237431.995
75.07746150198828,905237431.995,905237551.995
73.95026194910328,905237551.995,905237671.995
73.98318265137186,905237671.995,905237791.995
73.96130475903453,905237791.995,905237911.995
95.94914411892941,905237911.995,905238031.995
84.94165693834937,905238031.995,905238151.995
71.84007556302336,905238151.995,905238271.995
7.780247767005669,905238271.995,905238391.995
