expt,t0,t1
93.46061522453888,905237191.995,905237311.995
100.8829752371803,905237311.995,905237431.995
86.57623362633962,905237431.995,905237551.995
85.54529569953868,905237551.995,905237671.995
85.371417436518,905237671.995,905237791.995
85.62108462598353,905237791.995,905237911.995
98.57921130409072,905237911.995,905238031.995
105.5651138465029,905238031.995,905238151.995
83.80519286478885,905238151.995,905238271.995
8.824357728065337,905238271.995,905238391.995
