expt,t0,t1
112.2205890501531,792812465.99,792812585.99
114.2391844300463,792812585.99,792812705.99
118.208051286049,792812705.99,792812825.99
118.2022162881474,792812825.99,792812945.99
114.2323753736128,792812945.99,792813065.99
118.1866152900916,792813065.99,792813185.99
114.1800803320756,792813185.99,792813305.99
