expt,t0,t1
112.8280808014749,747668898.995,747669018.995
118.73228118918,747669018.995,747669138.995
118.768954498631,747669138.995,747669258.995
118.7992365867325,747669258.995,747669378.995
118.8101150337827,747669378.995,747669498.995
118.8206244479684,747669498.995,747669618.995
118.822817251946,747669618.995,747669738.995
118.8248014721307,747669738.995,747669858.995
101.6902821613841,747669858.995,747669978.995
