expt,t0,t1
86.58051007141032,799125378.999,799125498.999
107.1104646387719,799125498.999,799125618.999
103.4710790273988,799125618.999,799125738.999
103.7580294412357,799125738.999,799125858.999
107.9202506712553,799125858.999,799125978.999
95.08352060461229,799125978.999,799126098.999
4.30352686664135,799126098.999,799126218.999
