expt,t0,t1
86.6766597835722,776799120.995,776799240.995
118.5195257203217,776799240.995,776799360.995
118.524355237375,776799360.995,776799480.995
118.5206969985439,776799480.995,776799600.995
118.5082301056855,776799600.995,776799720.995
118.4991326433293,776799720.995,776799840.995
118.4844462049813,776799840.995,776799960.995
118.4609243710939,776799960.995,776800080.995
118.4447297114734,776800080.995,776800200.995
97.63783618486877,776800200.995,776800320.995
