expt,t0,t1
98.66889699619303,905296342.995,905296462.995
107.7802738217487,905296462.995,905296582.995
107.6662621908369,905296582.995,905296702.995
107.7198309364853,905296702.995,905296822.995
107.9621711000622,905296822.995,905296942.995
108.1237893850152,905296942.995,905297062.995
106.2114579713256,905297062.995,905297182.995
