expt,t0,t1
110.6598872356004,858807911.99,858808031.99
118.6883876715098,858808031.99,858808151.99
106.5740361415575,858808151.99,858808271.99
118.7086630858497,858808271.99,858808391.99
114.7099252852125,858808391.99,858808511.99
118.7009775753231,858808511.99,858808631.99
112.7204420585132,858808631.99,858808751.99
114.639131133225,858808751.99,858808871.99
118.6549661299086,858808871.99,858808991.99
92.95925045160145,858808991.99,858809111.99
