expt,t0,t1
99.64744568969115,825396578.995,825396698.995
104.98398507573,825396698.995,825396818.995
109.3223161761191,825396818.995,825396938.995
109.5298070979131,825396938.995,825397058.995
109.6862289611916,825397058.995,825397178.995
109.7890426693399,825397178.995,825397298.995
109.8304001055493,825397298.995,825397418.995
109.8441483847793,825397418.995,825397538.995
109.826481677071,825397538.995,825397658.995
28.19155021608369,825397658.995,825397778.995
