expt,t0,t1
106.5573336649043,915928133.99,915928253.99
118.5365814566261,915928253.99,915928373.99
114.4718020147993,915928373.99,915928493.99
118.5441493045003,915928493.99,915928613.99
118.5319391301563,915928613.99,915928733.99
114.5358728107196,915928733.99,915928853.99
118.4875963550858,915928853.99,915928973.99
118.4533297817078,915928973.99,915929093.99
15.70553036147151,915929093.99,915929213.99
