expt,t0,t1
100.5430281202126,920151902.99,920152022.99
107.5680875416917,920152022.99,920152142.99
107.5766506590991,920152142.99,920152262.99
107.5771010531771,920152262.99,920152382.99
107.5388625959576,920152382.99,920152502.99
107.4621773742575,920152502.99,920152622.99
103.360477770486,920152622.99,920152742.99
103.1900148718269,920152742.99,920152862.99
57.66419519523711,920152862.99,920152982.99
