expt,t0,t1
109.8697699985802,878963872.995,878963992.995
118.9128452259855,878963992.995,878964112.995
118.9395974345132,878964112.995,878964232.995
118.9575944720373,878964232.995,878964352.995
118.9643814677633,878964352.995,878964472.995
118.9634669080555,878964472.995,878964592.995
74.31561117697525,878964592.995,878964712.995
