expt,t0,t1
98.9127122003753,878963872.995,878963992.995
108.1639420170661,878963992.995,878964112.995
108.3379067296814,878964112.995,878964232.995
108.4325851947963,878964232.995,878964352.995
108.4960119408262,878964352.995,878964472.995
108.5356240999835,878964472.995,878964592.995
67.56360468688264,878964592.995,878964712.995
