expt,t0,t1
87.56962388603485,907633834.99,907633954.99
107.4479224016898,907633954.99,907634074.99
107.4544474858943,907634074.99,907634194.99
107.4379461728628,907634194.99,907634314.99
107.4040709082736,907634314.99,907634434.99
107.3107999246523,907634434.99,907634554.99
107.1740940621369,907634554.99,907634674.99
101.0806648196221,907634674.99,907634794.99
10.46377335916135,907634794.99,907634914.99
