expt,t0,t1
109.3301179649812,817202323.995,817202443.995
108.2952699651308,817202443.995,817202563.995
110.1704983037492,817202563.995,817202683.995
110.0498996594472,817202683.995,817202803.995
109.8814184947312,817202803.995,817202923.995
109.5791139895987,817202923.995,817203043.995
74.36480637079335,817203043.995,817203163.995
