expt,t0,t1
36.46772015176596,763335865.995,763335985.995
118.9552840054071,763335985.995,763336105.995
118.9631460099124,763336105.995,763336225.995
118.948133325119,763336225.995,763336345.995
118.9285745832986,763336345.995,763336465.995
118.8943240548278,763336465.995,763336585.995
118.8420657922281,763336585.995,763336705.995
118.7626274569101,763336705.995,763336825.995
64.23039265345656,763336825.995,763336945.995
