expt,t0,t1
-8.09037479294203,763335745.995,763335865.995
20.76364173188106,763335865.995,763335985.995
109.5998546368892,763335985.995,763336105.995
109.6099828737175,763336105.995,763336225.995
109.5587449174226,763336225.995,763336345.995
109.4582957781837,763336345.995,763336465.995
109.2822648827357,763336465.995,763336585.995
109.033906328292,763336585.995,763336705.995
108.6387193044305,763336705.995,763336825.995
58.32251307833349,763336825.995,763336945.995
