expt,t0,t1
70.00945197918192,849294370.99,849294490.99
69.6917658451267,849294490.99,849294610.99
67.3726034285338,849294610.99,849294730.99
70.99456086710353,849294730.99,849294850.99
68.93913234623643,849294850.99,849294970.99
58.94863566128158,849294970.99,849295090.99
60.09349236806955,849295090.99,849295210.99
65.21344294991832,849295210.99,849295330.99
79.6598884936675,849295330.99,849295450.99
