expt,t0,t1
98.84323958142107,858801906.99,858802026.99
107.0023475403556,858802026.99,858802146.99
107.0819378038586,858802146.99,858802266.99
107.1278892596633,858802266.99,858802386.99
107.1039001450855,858802386.99,858802506.99
107.097588998068,858802506.99,858802626.99
107.0446958435366,858802626.99,858802746.99
106.9657699112986,858802746.99,858802866.99
106.8574050961394,858802866.99,858802986.99
106.6629812325323,858802986.99,858803106.99
56.5376738688098,858803106.99,858803226.99
