expt,t0,t1
110.7159635186047,876201269.995,876201389.995
118.7555944392744,876201389.995,876201509.995
118.7829349610643,876201509.995,876201629.995
118.7693342281003,876201629.995,876201749.995
118.5833791024911,876201749.995,876201869.995
43.86084711854397,876201869.995,876201989.995
110.0323987875111,876202589.995,876202709.995
118.707999896354,876202709.995,876202829.995
117.6593711285797,876202829.995,876202949.995
3.937634113391446,876202949.995,876203069.995
