expt,t0,t1
109.581459061935,856239682.995,856239802.995
118.6297488841654,856239802.995,856239922.995
118.666208261521,856239922.995,856240042.995
118.6901365663896,856240042.995,856240162.995
118.7044860616874,856240162.995,856240282.995
118.7186055799827,856240282.995,856240402.995
118.7275586381744,856240402.995,856240522.995
118.7299707225498,856240522.995,856240642.995
99.88626750062396,856240642.995,856240762.995
