expt,t0,t1
112.3137036538476,769247304.995,769247424.995
118.3956964752117,769247424.995,769247544.995
118.4387289161979,769247544.995,769247664.995
114.4752285291902,769247664.995,769247784.995
118.4754289671609,769247784.995,769247904.995
114.606233210244,769247904.995,769248024.995
114.506678430496,769248024.995,769248144.995
118.5075829610969,769248144.995,769248264.995
118.5079680388686,769248264.995,769248384.995
104.633655274928,769248384.995,769248504.995
