expt,t0,t1
110.061768705884,874645181.995,874645301.995
115.0460774458668,874645301.995,874645421.995
119.1124010845587,874645421.995,874645541.995
119.1321737584745,874645541.995,874645661.995
119.1288631592984,874645661.995,874645781.995
119.0903125957104,874645781.995,874645901.995
13.86202583007869,874645901.995,874646021.995
