expt,t0,t1
98.00961644236128,911254624.99,911254744.99
106.0754646775264,911254744.99,911254864.99
106.0586593484922,911254864.99,911254984.99
105.9818558983467,911254984.99,911255104.99
105.9314849506519,911255104.99,911255224.99
105.8354947127848,911255224.99,911255344.99
105.6307511948664,911255344.99,911255464.99
9.428569432042142,911255464.99,911255584.99
