expt,t0,t1
99.69206352061238,872373753.99,872373873.99
107.8531081740821,872373873.99,872373993.99
107.9437893917551,872373993.99,872374113.99
107.98350288958,872374113.99,872374233.99
107.9477134501594,872374233.99,872374353.99
107.8891903696534,872374353.99,872374473.99
107.7398791028809,872374473.99,872374593.99
103.4727553841976,872374593.99,872374713.99
107.1859337964615,872374713.99,872374833.99
106.7675852571405,872374833.99,872374953.99
18.39082769684701,872374953.99,872375073.99
