expt,t0,t1
110.1643081883435,872373753.99,872373873.99
118.2034998807197,872373873.99,872373993.99
118.2353276282103,872373993.99,872374113.99
118.23568596447,872374113.99,872374233.99
118.2317817037293,872374233.99,872374353.99
118.2081208139799,872374353.99,872374473.99
118.1578039851459,872374473.99,872374593.99
114.0608317845893,872374593.99,872374713.99
118.0062972751957,872374713.99,872374833.99
117.8933518254383,872374833.99,872374953.99
20.56655284904265,872374953.99,872375073.99
