expt,t0,t1
101.0419733912474,902090884.99,902091004.99
109.0258273845184,902091004.99,902091124.99
109.0001549220742,902091124.99,902091244.99
108.9063153159295,902091244.99,902091364.99
108.7820178102622,902091364.99,902091484.99
108.5300279535648,902091484.99,902091604.99
35.93147206526562,902091604.99,902091724.99
