expt,t0,t1
113.0477441303545,766176246.99,766176366.99
119.0195064204411,766176366.99,766176486.99
119.0274646943893,766176486.99,766176606.99
119.0270261335938,766176606.99,766176726.99
116.9659838201379,766176726.99,766176846.99
119.0269673022676,766176846.99,766176966.99
119.0216938761164,766176966.99,766177086.99
119.0078685144522,766177086.99,766177206.99
118.992845133054,766177206.99,766177326.99
118.9764846760596,766177326.99,766177446.99
56.49463757268584,766177446.99,766177566.99
