expt,t0,t1
101.3881507607801,766176246.99,766176366.99
107.4825014070258,766176366.99,766176486.99
107.5408781094565,766176486.99,766176606.99
107.552959930598,766176606.99,766176726.99
105.5885748423134,766176726.99,766176846.99
107.4853614094209,766176846.99,766176966.99
107.4199867090038,766176966.99,766177086.99
107.2972486928314,766177086.99,766177206.99
107.140590372662,766177206.99,766177326.99
106.952387577257,766177326.99,766177446.99
50.37257500106587,766177446.99,766177566.99
