expt,t0,t1
113.1618855723958,779503935.99,779504055.99
119.2099487717509,779504055.99,779504175.99
119.1977011592903,779504175.99,779504295.99
119.170884771134,779504295.99,779504415.99
119.1314142995358,779504415.99,779504535.99
82.32229776242377,779504535.99,779504655.99
