expt,t0,t1
109.9509751028277,915922012.99,915922132.99
117.9741004948406,915922132.99,915922252.99
117.9878616768761,915922252.99,915922372.99
117.9859523329248,915922372.99,915922492.99
117.9949160877213,915922492.99,915922612.99
117.9922258916219,915922612.99,915922732.99
117.9836472145971,915922732.99,915922852.99
117.9712605462744,915922852.99,915922972.99
117.9402617856534,915922972.99,915923092.99
100.1977070017392,915923092.99,915923212.99
