expt,t0,t1
107.0889843533503,874213357.995,874213477.995
116.1656201782188,874213477.995,874213597.995
116.2104282555968,874213597.995,874213717.995
116.2415232856607,874213717.995,874213837.995
116.2637668752781,874213837.995,874213957.995
116.2803305677631,874213957.995,874214077.995
114.315182236123,874214077.995,874214197.995
6.776981806363655,874214197.995,874214317.995
