expt,t0,t1
107.1037189264198,865723662.995,865723782.995
116.1673476798891,865723782.995,865723902.995
116.2525514851777,865723902.995,865724022.995
116.31650113679,865724022.995,865724142.995
116.3382419859833,865724142.995,865724262.995
72.65205513674535,865724262.995,865724382.995
