expt,t0,t1
95.44224324011472,745662551.995,745662671.995
102.7347285333812,745662671.995,745662791.995
102.9477649322603,745662791.995,745662911.995
103.110329044777,745662911.995,745663031.995
103.2297566644763,745663031.995,745663151.995
103.3112554728847,745663151.995,745663271.995
47.5130499400085,745663271.995,745663391.995
27.9664452595265,745663391.995,745663511.995
