expt,t0,t1
100.3356372485474,845945699.99,845945819.99
108.3559281227261,845945819.99,845945939.99
108.341312834896,845945939.99,845946059.99
108.3229254966629,845946059.99,845946179.99
108.2745588026151,845946179.99,845946299.99
108.1868839654126,845946299.99,845946419.99
108.0626596487829,845946419.99,845946539.99
107.9005121507883,845946539.99,845946659.99
50.05887423722222,845946659.99,845946779.99
