expt,t0,t1
109.6479972919015,867303086.995,867303206.995
118.7291096458659,867303206.995,867303326.995
118.7929951178497,867303326.995,867303446.995
118.8279302290257,867303446.995,867303566.995
118.8506605141601,867303566.995,867303686.995
118.8347011798446,867303686.995,867303806.995
118.5691098317291,867303806.995,867303926.995
20.63163153242797,867303926.995,867304046.995
