expt,t0,t1
110.700057667313,818409166.995,818409286.995
118.7383140742698,818409286.995,818409406.995
118.7764100321551,818409406.995,818409526.995
118.798493172701,818409526.995,818409646.995
118.8111739976548,818409646.995,818409766.995
118.8139658114996,818409766.995,818409886.995
118.7833360837431,818409886.995,818410006.995
41.51745409815638,818410006.995,818410126.995
