expt,t0,t1
99.14407467587412,823385627.99,823385747.99
107.1812215484208,823385747.99,823385867.99
107.1939958504572,823385867.99,823385987.99
107.1806191463415,823385987.99,823386107.99
107.1620291307733,823386107.99,823386227.99
107.0764542559593,823386227.99,823386347.99
106.9905584753648,823386347.99,823386467.99
106.8405603576234,823386467.99,823386587.99
106.5990984624985,823386587.99,823386707.99
4.206473193731306,823386707.99,823386827.99
