expt,t0,t1
109.9749871513919,843105101.995,843105221.995
119.0036326589636,843105221.995,843105341.995
119.0310427086846,843105341.995,843105461.995
111.0141031725087,843105461.995,843105581.995
119.060447675195,843105581.995,843105701.995
119.0709998757997,843105701.995,843105821.995
119.0697269798322,843105821.995,843105941.995
119.0740644530661,843105941.995,843106061.995
13.85937908789627,843106061.995,843106181.995
