expt,t0,t1
98.1656316624309,916093417.99,916093537.99
107.2448678615637,916093537.99,916093657.99
107.3000749156707,916093657.99,916093777.99
107.3373056161407,916093777.99,916093897.99
103.3335273148456,916093897.99,916094017.99
103.2966118902301,916094017.99,916094137.99
99.25747765381445,916094137.99,916094257.99
107.1747752831799,916094257.99,916094377.99
107.0680712961831,916094377.99,916094497.99
98.88224308760697,916094497.99,916094617.99
101.9388644950659,916094617.99,916094737.99
