expt,t0,t1
100.3905577973959,770105326.995,770105446.995
108.8118507880016,770105446.995,770105566.995
109.100423903682,770105566.995,770105686.995
109.3040189167016,770105686.995,770105806.995
109.458008651959,770105806.995,770105926.995
104.8298871613194,770105926.995,770106046.995
