expt,t0,t1
76.87419572296285,907113448.99,907113568.99
106.9459660635042,907113568.99,907113688.99
94.03718617732446,907113688.99,907113808.99
85.94611101595727,907113808.99,907113928.99
79.80526533098765,907113928.99,907114048.99
85.60257120142613,907114048.99,907114168.99
107.8931327267107,907114168.99,907114288.99
