expt,t0,t1
76.44916999328281,916111574.99,916111694.99
83.5375608551416,916111694.99,916111814.99
79.52464525317153,916111814.99,916111934.99
84.79001907174468,916111934.99,916112054.99
105.784262295885,916112054.99,916112174.99
96.16007658116219,916112174.99,916112294.99
86.34965346331514,916112294.99,916112414.99
46.3713043847017,916112414.99,916112534.99
