expt,t0,t1
91.82523217050029,914690985.995,914691105.995
101.0423896751928,914691105.995,914691225.995
101.1524209484405,914691225.995,914691345.995
101.1949719289565,914691345.995,914691465.995
101.2335707014384,914691465.995,914691585.995
101.2284080593197,914691585.995,914691705.995
89.19713882949056,914691705.995,914691825.995
101.1209890717242,914691825.995,914691945.995
100.9953854232308,914691945.995,914692065.995
42.53101996388025,914692065.995,914692185.995
