expt,t0,t1
99.69665754020765,871244298.99,871244418.99
107.7040052145707,871244418.99,871244538.99
107.645392055249,871244538.99,871244658.99
107.5428204339177,871244658.99,871244778.99
107.475582228003,871244778.99,871244898.99
107.3240302506926,871244898.99,871245018.99
107.0970034857666,871245018.99,871245138.99
1.567571015816527,871245138.99,871245258.99
