expt,t0,t1
85.28923316794439,740068544.995,740068664.995
118.3054117826577,740068664.995,740068784.995
118.3964826756622,740068784.995,740068904.995
118.4571056831913,740068904.995,740069024.995
118.5039728569873,740069024.995,740069144.995
118.5228042296834,740069144.995,740069264.995
118.538554980206,740069264.995,740069384.995
118.5460853899635,740069384.995,740069504.995
40.30170378577787,740069504.995,740069624.995
