expt,t0,t1
100.3588563518053,765833228.99,765833348.99
107.41727871461,765833348.99,765833468.99
107.4212421824961,765833468.99,765833588.99
107.4318264433284,765833588.99,765833708.99
107.3841916396572,765833708.99,765833828.99
107.2981663707653,765833828.99,765833948.99
107.1635379509345,765833948.99,765834068.99
106.9890440252776,765834068.99,765834188.99
94.96700720647436,765834188.99,765834308.99
