expt,t0,t1
102.5776014956226,786242910.995,786243030.995
108.0787387173664,786243030.995,786243150.995
108.4713979044652,786243150.995,786243270.995
108.6934365549777,786243270.995,786243390.995
108.8696813876128,786243390.995,786243510.995
108.9609199679572,786243510.995,786243630.995
108.8399778981707,786243630.995,786243750.995
13.39827417940661,786243750.995,786243870.995
