expt,t0,t1
111.9725382963977,894062580.99,894062700.99
113.0289134251564,894062700.99,894062820.99
114.9787630528754,894062820.99,894062940.99
118.9629267295147,894062940.99,894063060.99
118.9272856424239,894063060.99,894063180.99
118.8756959176223,894063180.99,894063300.99
118.7992633282444,894063300.99,894063420.99
57.34167010036793,894063420.99,894063540.99
