expt,t0,t1
94.2750951259223,903042716.99,903042836.99
102.3477612014427,903042836.99,903042956.99
102.382283907519,903042956.99,903043076.99
102.4239791392869,903043076.99,903043196.99
102.4097579462751,903043196.99,903043316.99
102.3617121580078,903043316.99,903043436.99
102.3203659816503,903043436.99,903043556.99
102.2152158542226,903043556.99,903043676.99
102.100280915451,903043676.99,903043796.99
97.93927004153709,903043796.99,903043916.99
24.28843881022411,903043916.99,903044036.99
