expt,t0,t1
96.7870737168187,744833591.995,744833711.995
104.2609282760591,744833711.995,744833831.995
104.5812766939401,744833831.995,744833951.995
96.82082763827383,744833951.995,744834071.995
104.9565844491853,744834071.995,744834191.995
105.0557724850059,744834191.995,744834311.995
105.0913705069433,744834311.995,744834431.995
99.03430495629853,744834431.995,744834551.995
10.99259225053506,744834551.995,744834671.995
