expt,t0,t1
92.78931943631636,744910560.995,744910680.995
100.2885230271254,744910680.995,744910800.995
104.598380409051,744910800.995,744910920.995
104.8150199605538,744910920.995,744911040.995
96.98062862109047,744911040.995,744911160.995
101.0719466413647,744911160.995,744911280.995
105.1066107165566,744911280.995,744911400.995
105.051302323782,744911400.995,744911520.995
104.9447278250828,744911520.995,744911640.995
14.12788312976865,744911640.995,744911760.995
