expt,t0,t1
97.61341603182434,840313373.99,840313493.99
105.665195081979,840313493.99,840313613.99
105.6464192788537,840313613.99,840313733.99
105.572301303398,840313733.99,840313853.99
105.4924182837443,840313853.99,840313973.99
105.3310308257563,840313973.99,840314093.99
70.71852221658195,840314093.99,840314213.99
