expt,t0,t1
101.1006653695327,833064803.99,833064923.99
105.3291908954699,833064923.99,833065043.99
109.3701592870513,833065043.99,833065163.99
99.42795933114675,833065163.99,833065283.99
109.3933376922887,833065283.99,833065403.99
109.3080668334773,833065403.99,833065523.99
105.1767031497457,833065523.99,833065643.99
108.9602218571364,833065643.99,833065763.99
108.6634177896811,833065763.99,833065883.99
14.26632059537999,833065883.99,833066003.99
