expt,t0,t1
100.6689227085645,766525325.99,766525445.99
106.8056773362847,766525445.99,766525565.99
106.8910720534675,766525565.99,766525685.99
106.9363197685254,766525685.99,766525805.99
106.9082433276901,766525805.99,766525925.99
106.4861227379661,766525925.99,766526045.99
106.4214292585919,766526045.99,766526165.99
105.9865512566095,766526165.99,766526285.99
105.8342842787003,766526285.99,766526405.99
105.7964286564471,766526405.99,766526525.99
44.55573901272368,766526525.99,766526645.99
