expt,t0,t1
85.46432240975508,926753327.995,926753447.995
98.38364645328899,926753447.995,926753567.995
95.59467925376605,926753567.995,926753687.995
82.56719698948471,926753687.995,926753807.995
86.77925867483223,926753807.995,926753927.995
86.7538916683034,926753927.995,926754047.995
84.71347921966883,926754047.995,926754167.995
83.72868578666285,926754167.995,926754287.995
83.52294500802665,926754287.995,926754407.995
26.62952976880013,926754407.995,926754527.995
