expt,t0,t1
106.560030758436,915833299.99,915833419.99
117.7687791662968,915833419.99,915833539.99
117.7906644196545,915833539.99,915833659.99
117.8117741691664,915833659.99,915833779.99
117.8088432994597,915833779.99,915833899.99
117.8009973398615,915833899.99,915834019.99
117.7922742586723,915834019.99,915834139.99
117.7784488970082,915834139.99,915834259.99
117.7647732878108,915834259.99,915834379.99
79.4287262557429,915834379.99,915834499.99
