expt,t0,t1
106.0091484909329,802433177.995,802433297.995
107.1862040329083,802433297.995,802433417.995
107.2380725409123,802433417.995,802433537.995
107.2131094491409,802433537.995,802433657.995
107.1951837648378,802433657.995,802433777.995
107.0796576838389,802433777.995,802433897.995
106.9040208832091,802433897.995,802434017.995
102.5950217751267,802434017.995,802434137.995
29.02323360775954,802434137.995,802434257.995
