expt,t0,t1
95.84715061566334,890092749.99,890092869.99
103.9443575385071,890092869.99,890092989.99
103.9520874268702,890092989.99,890093109.99
103.9436031284265,890093109.99,890093229.99
103.9515751036065,890093229.99,890093349.99
99.88146501447856,890093349.99,890093469.99
97.81606216443157,890093469.99,890093589.99
103.6996640658728,890093589.99,890093709.99
101.5827186225621,890093709.99,890093829.99
91.70246648046951,890093829.99,890093949.99
