expt,t0,t1
93.40540610670922,746005839.995,746005959.995
100.7301596105671,746005959.995,746006079.995
100.9759340289885,746006079.995,746006199.995
101.1858120393958,746006199.995,746006319.995
101.3737333385022,746006319.995,746006439.995
101.4834099264135,746006439.995,746006559.995
101.5156806620999,746006559.995,746006679.995
101.4934649742041,746006679.995,746006799.995
32.47902502042752,746006799.995,746006919.995
