expt,t0,t1
110.1859527680939,915750615.99,915750735.99
118.2020879288902,915750735.99,915750855.99
118.2094204514594,915750855.99,915750975.99
118.1990928795548,915750975.99,915751095.99
118.1854333152646,915751095.99,915751215.99
118.1715223807623,915751215.99,915751335.99
118.138683804121,915751335.99,915751455.99
118.0973146851764,915751455.99,915751575.99
61.95927451480278,915751575.99,915751695.99
