expt,t0,t1
99.0411708889103,915750615.99,915750735.99
107.0911821423089,915750735.99,915750855.99
107.0877591473163,915750855.99,915750975.99
107.0460976951043,915750975.99,915751095.99
106.9673913299793,915751095.99,915751215.99
106.868344042308,915751215.99,915751335.99
106.7016588239779,915751335.99,915751455.99
106.4906379385977,915751455.99,915751575.99
55.45879297597959,915751575.99,915751695.99
