expt,t0,t1
98.18949820717587,911171942.99,911172062.99
106.2096032937974,911172062.99,911172182.99
106.1648679020032,911172182.99,911172302.99
106.1056692303802,911172302.99,911172422.99
105.980223219814,911172422.99,911172542.99
79.11624399567059,911172542.99,911172662.99
