expt,t0,t1
85.22066032963569,866185053.995,866185173.995
93.47170435876932,866185173.995,866185293.995
93.64111446127117,866185293.995,866185413.995
93.72388563294983,866185413.995,866185533.995
93.81546763877873,866185533.995,866185653.995
93.87238056045601,866185653.995,866185773.995
89.89437043034665,866185773.995,866185893.995
93.90841771661947,866185893.995,866186013.995
52.78947636544085,866186013.995,866186133.995
