expt,t0,t1
103.7742128699628,744058729.99,744058849.99
108.8336498613753,744058849.99,744058969.99
102.8653801241682,744058969.99,744059089.99
108.8353782486495,744059089.99,744059209.99
104.8273868585964,744059209.99,744059329.99
108.7262646533356,744059329.99,744059449.99
108.5849309916692,744059449.99,744059569.99
108.3834866103718,744059569.99,744059689.99
108.1043830301807,744059689.99,744059809.99
91.24140288001205,744059809.99,744059929.99
