expt,t0,t1
77.85260402461702,817254768.735,817254888.735
118.8694811902514,817254888.735,817255008.735
112.8935345085687,817255008.735,817255128.735
118.9065288808694,817255128.735,817255248.735
118.8871573296324,817255248.735,817255368.735
118.9063737801002,817255368.735,817255488.735
118.9305855449952,817255488.735,817255608.735
118.9488286044289,817255608.735,817255728.735
118.9342812219429,817255728.735,817255848.735
4.209816201690865,817255848.735,817255968.735
