expt,t0,t1
79.57463900584018,796030534.995,796030654.995
105.9123713519681,796030654.995,796030774.995
106.086206576286,796030774.995,796030894.995
106.247149270122,796030894.995,796031014.995
106.355114360537,796031014.995,796031134.995
106.4428736466292,796031134.995,796031254.995
106.4601237398154,796031254.995,796031374.995
106.53048092472,796031374.995,796031494.995
106.5262472203871,796031494.995,796031614.995
19.29826546293234,796031614.995,796031734.995
