expt,t0,t1
117.8171694446279,820302699.995,820302819.995
118.8279302290257,820302819.995,820302939.995
118.8248496068522,820302939.995,820303059.995
118.8212395027426,820303059.995,820303179.995
118.8170196921612,820303179.995,820303299.995
118.8049218321673,820303299.995,820303419.995
118.7939096775574,820303419.995,820303539.995
118.7671574690298,820303539.995,820303659.995
118.7354527324941,820303659.995,820303779.995
104.8098355870628,820303779.995,820303899.995
