expt,t0,t1
98.86036018630988,884727372.99,884727492.99
106.8854927968267,884727492.99,884727612.99
106.8890058706348,884727612.99,884727732.99
106.8253032582322,884727732.99,884727852.99
106.773468529784,884727852.99,884727972.99
106.648647441001,884727972.99,884728092.99
106.4716594581373,884728092.99,884728212.99
58.21511289002074,884728212.99,884728332.99
