expt,t0,t1
57.63685476722181,849903736.99,849903856.99
87.70974678873993,849903856.99,849903976.99
84.64774979914903,849903976.99,849904096.99
84.82238818860628,849904096.99,849904216.99
87.19782206859738,849904216.99,849904336.99
100.7706204989832,849904336.99,849904456.99
101.7530466448455,849904456.99,849904576.99
86.16405555733297,849904576.99,849904696.99
18.69183068075402,849904696.99,849904816.99
