expt,t0,t1
109.7301579131333,847678384.995,847678504.995
118.7811058416487,847678504.995,847678624.995
118.819298068977,847678624.995,847678744.995
114.8192798940479,847678744.995,847678864.995
118.8581481374985,847678864.995,847678984.995
118.8673793074143,847678984.995,847679104.995
118.8717167806482,847679104.995,847679224.995
118.8665289273352,847679224.995,847679344.995
85.17819791962519,847679344.995,847679464.995
