expt,t0,t1
112.4003842664112,771685650.995,771685770.995
118.4459223829052,771685770.995,771685890.995
114.4812860257699,771685890.995,771686010.995
118.5271149614054,771686010.995,771686130.995
118.5456682223775,771686130.995,771686250.995
118.5530649245754,771686250.995,771686370.995
118.5505726156641,771686370.995,771686490.995
118.5187341715688,771686490.995,771686610.995
118.4596621717312,771686610.995,771686730.995
42.38547002690579,771686730.995,771686850.995
