expt,t0,t1
110.7165163587397,745034903.995,745035023.995
117.7395881318818,745035023.995,745035143.995
113.8240505339517,745035143.995,745035263.995
117.8279367389726,745035263.995,745035383.995
117.8467413701568,745035383.995,745035503.995
63.69308515766142,745035503.995,745035623.995
