expt,t0,t1
109.4832642301543,861061570.995,861061690.995
118.5245317313536,861061690.995,861061810.995
118.5471443538356,861061810.995,861061930.995
118.5575040155546,861061930.995,861062050.995
118.5656869182029,861062050.995,861062170.995
118.5842722689893,861062170.995,861062290.995
118.590358637103,861062290.995,861062410.995
118.5953860413445,861062410.995,861062530.995
118.5857644453546,861062530.995,861062650.995
24.67001107786776,861062650.995,861062770.995
