expt,t0,t1
102.0566733610501,849915858.99,849915978.99
109.1220289486916,849915978.99,849916098.99
109.1622428343212,849916098.99,849916218.99
109.1640826503415,849916218.99,849916338.99
109.168067135618,849916338.99,849916458.99
109.1552472548022,849916458.99,849916578.99
109.1093855618545,849916578.99,849916698.99
109.0508483922553,849916698.99,849916818.99
26.96947537492249,849916818.99,849916938.99
