expt,t0,t1
102.5766855819989,845856954.99,845857074.99
110.6169514335355,845857074.99,845857194.99
110.609519931249,845857194.99,845857314.99
110.5888806226261,845857314.99,845857434.99
110.4992409412584,845857434.99,845857554.99
110.4183051254475,845857554.99,845857674.99
110.2505333314042,845857674.99,845857794.99
109.9935553602934,845857794.99,845857914.99
60.09710143458979,845857914.99,845858034.99
