expt,t0,t1
73.95454226102018,850033510.995,850033630.995
100.3346122714433,850033630.995,850033750.995
100.5652027795112,850033750.995,850033870.995
100.7421738725969,850033870.995,850033990.995
100.8615226733326,850033990.995,850034110.995
100.9330677726179,850034110.995,850034230.995
100.9745603270507,850034230.995,850034350.995
100.9941862489982,850034350.995,850034470.995
100.9773358805562,850034470.995,850034590.995
72.92363702564423,850034590.995,850034710.995
