expt,t0,t1
97.99465081058214,823563130.99,823563250.99
99.04420666094298,823563250.99,823563370.99
107.0440146224937,823563370.99,823563490.99
107.0549817182922,823563490.99,823563610.99
107.0097002236784,823563610.99,823563730.99
106.9600949459162,823563730.99,823563850.99
106.8811014545665,823563850.99,823563970.99
106.7215606122981,823563970.99,823564090.99
96.50260587268112,823564090.99,823564210.99
