expt,t0,t1
99.19159324844125,763897446.995,763897566.995
105.7062203525559,763897566.995,763897686.995
106.0280663307462,763897686.995,763897806.995
106.241620682815,763897806.995,763897926.995
106.4152250801679,763897926.995,763898046.995
106.5430356596434,763898046.995,763898166.995
106.5966663344775,763898166.995,763898286.995
106.6483997242581,763898286.995,763898406.995
106.6376296758687,763898406.995,763898526.995
47.72370723320984,763898526.995,763898646.995
