expt,t0,t1
97.6401575126313,909460995.995,909461115.995
106.9377610295749,909461115.995,909461235.995
107.1691509871312,909461235.995,909461355.995
107.3201118222143,909461355.995,909461475.995
107.4297940400515,909461475.995,909461595.995
107.5013954385966,909461595.995,909461715.995
105.534510042213,909461715.995,909461835.995
