expt,t0,t1
106.9321935206442,865836046.995,865836166.995
116.0048127704219,865836166.995,865836286.995
116.0372020896629,865836286.995,865836406.995
116.0676874132549,865836406.995,865836526.995
116.0874814803802,865836526.995,865836646.995
116.091663852845,865836646.995,865836766.995
35.68561791005373,865836766.995,865836886.995
