expt,t0,t1
111.0591487052135,902528578.99,902528698.99
119.0699730017419,902528698.99,902528818.99
119.0577574790955,902528818.99,902528938.99
119.0393272290783,902528938.99,902529058.99
119.0205279461965,902529058.99,902529178.99
118.9951716445913,902529178.99,902529298.99
70.38597556484983,902529298.99,902529418.99
