expt,t0,t1
111.0314284539542,906498297.99,906498417.99
119.0324546605141,906498417.99,906498537.99
111.1206234527741,906498537.99,906498657.99
119.0024346392295,906498657.99,906498777.99
118.9705373638079,906498777.99,906498897.99
105.0722769126019,906498897.99,906499017.99
