expt,t0,t1
79.57777899397954,816834701.665,816834821.665
118.638616369519,816834821.665,816834941.665
118.734227971248,816834941.665,816835061.665
118.7859300103996,816835061.665,816835181.665
118.8239136539349,816835181.665,816835301.665
118.83850382284,816835301.665,816835421.665
118.8408249860749,816835421.665,816835541.665
118.8404933913271,816835541.665,816835661.665
4.253703163590873,816835661.665,816835781.665
