expt,t0,t1
110.1198191799661,887347193.995,887347313.995
119.1887534494009,887347313.995,887347433.995
119.2308552857722,887347433.995,887347553.995
119.2591317604794,887347553.995,887347673.995
119.279332298586,887347673.995,887347793.995
115.3493664433462,887347793.995,887347913.995
119.2991049725018,887347913.995,887348033.995
104.3551525031815,887348033.995,887348153.995
