expt,t0,t1
106.8497085246545,767140924.99,767141044.99
118.8416165348278,767141044.99,767141164.99
118.853746484636,767141164.99,767141284.99
118.8372844098963,767141284.99,767141404.99
118.8186669692956,767141404.99,767141524.99
118.7904065394955,767141524.99,767141644.99
118.7507381807091,767141644.99,767141764.99
118.6701553086808,767141764.99,767141884.99
26.69117833202882,767141884.99,767142004.99
