expt,t0,t1
101.0297789715864,876958872.99,876958992.99
109.1149603725484,876958992.99,876959112.99
109.1835216110671,876959112.99,876959232.99
109.2141033689612,876959232.99,876959352.99
101.2005070977325,876959352.99,876959472.99
109.1994261519454,876959472.99,876959592.99
109.1409255911433,876959592.99,876959712.99
109.048307678935,876959712.99,876959832.99
108.9106953983378,876959832.99,876959952.99
108.7392923020409,876959952.99,876960072.99
58.58709207047625,876960072.99,876960192.99
