expt,t0,t1
95.83422492659183,904799513.995,904799633.995
104.1899855788531,904799633.995,904799753.995
104.4243030979162,904799753.995,904799873.995
104.5043156058673,904799873.995,904799993.995
104.5512635585695,904799993.995,904800113.995
104.6712429110143,904800113.995,904800233.995
104.753574948467,904800233.995,904800353.995
45.14487202405676,904800353.995,904800473.995
