expt,t0,t1
112.0293163769777,745177021.995,745177141.995
118.0814783618157,745177141.995,745177261.995
118.1234464906274,745177261.995,745177381.995
118.1647781714554,745177381.995,745177501.995
118.1815664926406,745177501.995,745177621.995
36.93473670095872,745177621.995,745177741.995
