expt,t0,t1
71.72365820907001,904539277.995,904539397.995
101.6846515606177,904539397.995,904539517.995
90.34042167923204,904539517.995,904539637.995
83.02285242605434,904539637.995,904539757.995
82.01271003392056,904539757.995,904539877.995
85.01325154745729,904539877.995,904539997.995
82.84155071100504,904539997.995,904540117.995
84.91628947857915,904540117.995,904540237.995
100.0199568394859,904540237.995,904540357.995
