expt,t0,t1
100.2887899669403,899664795.995,899664915.995
105.4693354832841,899664915.995,899665035.995
109.67062280639,899665035.995,899665155.995
109.7564397680209,899665155.995,899665275.995
105.7331525312914,899665275.995,899665395.995
109.6826595881237,899665395.995,899665515.995
94.56099063692032,899665515.995,899665635.995
101.3769646256222,899665635.995,899665755.995
109.0656478509368,899665755.995,899665875.995
89.34840897350658,899665875.995,899665995.995
