expt,t0,t1
112.5261696385604,775450042.99,775450162.99
118.5536692827448,775450162.99,775450282.99
110.5481987644314,775450282.99,775450402.99
114.3948674800233,775450402.99,775450522.99
114.3638052239093,775450522.99,775450642.99
90.52659683525323,775450642.99,775450762.99
