expt,t0,t1
103.4667607029848,775450042.99,775450162.99
109.3873474510518,775450162.99,775450282.99
101.2114255063051,775450282.99,775450402.99
104.9092866749117,775450402.99,775450522.99
104.5073944092145,775450522.99,775450642.99
82.49411770862152,775450642.99,775450762.99
