expt,t0,t1
99.27847723109346,852086201.995,852086321.995
108.6857742257263,852086321.995,852086441.995
108.9775620291381,852086441.995,852086561.995
109.1895963011937,852086561.995,852086681.995
109.3260488170403,852086681.995,852086801.995
109.3960625764604,852086801.995,852086921.995
109.434070206715,852086921.995,852087041.995
34.46871276035215,852087041.995,852087161.995
