expt,t0,t1
77.95458308604553,812160516.26,812160636.26
39.50960785854559,812160636.26,812160756.26
31.49470209820573,812160876.26,812160996.26
111.0635801653838,812160996.26,812161116.26
117.2440716084624,812161116.26,812161236.26
104.6495106722988,812161236.26,812161356.26
0.0,812161476.26,812161596.26
82.10702881812672,812161596.26,812161716.26
119.2145001770802,812161716.26,812161836.26
117.204594453566,812161836.26,812161956.26
47.3261483543809,812161956.26,812162076.26
