expt,t0,t1
82.7443664458114,814670397.43,814670517.43
119.1366502875704,814670517.43,814670637.43
119.1249749434648,814670637.43,814670757.43
119.092558882712,814670757.43,814670877.43
119.053452095676,814670877.43,814670997.43
54.12289534801719,814670997.43,814671117.43
