expt,t0,t1
101.7443798456171,910893155.99,910893275.99
109.9685584889661,910893275.99,910893395.99
110.1308974044439,910893395.99,910893515.99
110.2200754318816,910893515.99,910893635.99
110.2956853377206,910893635.99,910893755.99
110.3288737513409,910893755.99,910893875.99
110.3201417361543,910893875.99,910893995.99
110.2543673109929,910893995.99,910894115.99
110.1687417668452,910894115.99,910894235.99
110.0156865992995,910894235.99,910894355.99
98.63788912823502,910894355.99,910894475.99
