expt,t0,t1
109.9229214276781,847932763.995,847932883.995
118.9754417570946,847932883.995,847933003.995
119.0062051924106,847933003.995,847933123.995
119.0282776363518,847933123.995,847933243.995
119.0353160022899,847933243.995,847933363.995
119.0087670292529,847933363.995,847933483.995
24.68696239058816,847933483.995,847933603.995
