expt,t0,t1
92.54574983053811,806362107.385,806362227.385
94.37358480355121,806362227.385,806362347.385
98.26120577319318,806362347.385,806362467.385
105.6903051208098,806362467.385,806362587.385
106.1364592623744,806362587.385,806362707.385
100.4337406316052,806362707.385,806362827.385
100.9588226095368,806362827.385,806362947.385
107.0471504912615,806362947.385,806363067.385
105.2856535569734,806363067.385,806363187.385
69.32812059663806,806363187.385,806363307.385
