expt,t0,t1
110.1061917054902,918192907.995,918193027.995
119.1796934251614,918193027.995,918193147.995
119.2252288716636,918193147.995,918193267.995
119.2449587591603,918193267.995,918193387.995
119.2642821756758,918193387.995,918193507.995
119.2752836336809,918193507.995,918193627.995
119.2787279404165,918193627.995,918193747.995
119.2795569272862,918193747.995,918193867.995
12.93488642928048,918193867.995,918193987.995
