expt,t0,t1
110.0020602580626,887501001.995,887501121.995
119.0645016884025,887501121.995,887501241.995
119.1061703122807,887501241.995,887501361.995
119.1198405731757,887501361.995,887501481.995
119.0943773055227,887501481.995,887501601.995
119.07423025044,887501601.995,887501721.995
119.1098552926236,887501721.995,887501841.995
119.1380996775166,887501841.995,887501961.995
119.1447101792639,887501961.995,887502081.995
19.7728561268844,887502081.995,887502201.995
