expt,t0,t1
110.6073181039644,822645572.995,822645692.995
118.6380227079543,822645692.995,822645812.995
114.5981163372336,822645812.995,822645932.995
118.664609119108,822645932.995,822646052.995
118.6765572266351,822646052.995,822646172.995
118.6730701334804,822646172.995,822646292.995
114.6137320452006,822646292.995,822646412.995
118.6530139995382,822646412.995,822646532.995
60.10392575607919,822646532.995,822646652.995
