expt,t0,t1
64.27562792494219,849726143.99,849726263.99
72.43396773007944,849726263.99,849726383.99
72.48482670089622,849726383.99,849726503.99
66.5706104627071,849726503.99,849726623.99
73.69899090663837,849726623.99,849726743.99
76.71844292184683,849726743.99,849726863.99
82.76977596591709,849726863.99,849726983.99
83.73827653008917,849726983.99,849727103.99
79.67704545518937,849727103.99,849727223.99
-1.498465438788347,849727223.99,849727343.99
