expt,t0,t1
107.6563546860348,782029639.995,782029759.995
118.708026637866,782029759.995,782029879.995
118.7519201555361,782029879.995,782029999.995
118.7775117824463,782029999.995,782030119.995
118.792123344561,782030119.995,782030239.995
114.8205049020314,782030239.995,782030359.995
118.8199719550774,782030359.995,782030479.995
118.8196831467487,782030479.995,782030599.995
118.8076066799643,782030599.995,782030719.995
82.16127600177087,782030719.995,782030839.995
