expt,t0,t1
109.563670608204,884070038.995,884070158.995
118.6060986910208,884070158.995,884070278.995
118.6342147166565,884070278.995,884070398.995
118.6395362775291,884070398.995,884070518.995
118.6254221075362,884070518.995,884070638.995
74.11345871343497,884070638.995,884070758.995
