expt,t0,t1
100.9912139786604,876178388.99,876178508.99
109.0413603502824,876178508.99,876178628.99
109.0447045263113,876178628.99,876178748.99
108.9741728137014,876178748.99,876178868.99
108.9073399624569,876178868.99,876178988.99
108.7684722083673,876178988.99,876179108.99
108.5221742068302,876179108.99,876179228.99
53.95171985614755,876179228.99,876179348.99
