expt,t0,t1
99.3364525684522,790408925.999,790409045.999
107.7539595477433,790409045.999,790409165.999
108.0352869486944,790409165.999,790409285.999
108.2487962613553,790409285.999,790409405.999
108.408483481699,790409405.999,790409525.999
108.5301855914921,790409525.999,790409645.999
108.5773531113073,790409645.999,790409765.999
108.5950254489416,790409765.999,790409885.999
108.5862371344953,790409885.999,790410005.999
85.72015861553574,790410005.999,790410125.999
