expt,t0,t1
109.8693207411799,888560211.995,888560331.995
118.9063737801002,888560331.995,888560451.995
118.9304411408308,888560451.995,888560571.995
118.9458763415127,888560571.995,888560691.995
118.9536581214822,888560691.995,888560811.995
44.64044901641319,888560811.995,888560931.995
