expt,t0,t1
107.3665574229661,803179038.995,803179158.995
108.556809511426,803179158.995,803179278.995
108.6807072923491,803179278.995,803179398.995
108.7560976310751,803179398.995,803179518.995
108.7606353514106,803179518.995,803179638.995
108.7235904384977,803179638.995,803179758.995
108.6193073196701,803179758.995,803179878.995
108.4542210003168,803179878.995,803179998.995
108.2095556773123,803179998.995,803180118.995
80.72671184937018,803180118.995,803180238.995
