expt,t0,t1
113.5598057880737,746958578.995,746958698.995
118.6082273153698,746958698.995,746958818.995
118.6358031624647,746958818.995,746958938.995
114.6219697741876,746958938.995,746959058.995
118.6505056457199,746959058.995,746959178.995
118.6584799645753,746959178.995,746959298.995
118.6609508802769,746959298.995,746959418.995
17.63047624497084,746959418.995,746959538.995
