expt,t0,t1
110.7376889903887,885177156.99,885177276.99
118.7441972068928,885177276.99,885177396.99
118.7424857501297,885177396.99,885177516.99
118.7285052876965,885177516.99,885177636.99
118.717985176906,885177636.99,885177756.99
118.6763379462374,885177756.99,885177876.99
40.49032616514712,885177876.99,885177996.99
