expt,t0,t1
100.1446476397849,846034330.99,846034450.99
108.1887249512063,846034450.99,846034570.99
108.2303638837145,846034570.99,846034690.99
108.2215361597863,846034690.99,846034810.99
108.2022480333973,846034810.99,846034930.99
108.1445638118615,846034930.99,846035050.99
108.053105664404,846035050.99,846035170.99
107.9266012277546,846035170.99,846035290.99
107.7328698450425,846035290.99,846035410.99
37.45322111357483,846035410.99,846035530.99
