expt,t0,t1
99.53656496519376,818279395.99,818279515.99
107.5830124754504,818279515.99,818279635.99
107.5697427399283,818279635.99,818279755.99
107.5188650988958,818279755.99,818279875.99
107.4025226786306,818279875.99,818279995.99
93.63000980894782,818279995.99,818280115.99
