expt,t0,t1
85.73869915204146,740850229.995,740850349.995
118.6867992257016,740850349.995,740850469.995
118.7086630858497,740850469.995,740850589.995
118.7155837891354,740850589.995,740850709.995
118.7126903575453,740850709.995,740850829.995
118.6992928600719,740850829.995,740850949.995
118.6659889811232,740850949.995,740851069.995
118.6291659192054,740851069.995,740851189.995
42.48431837737509,740851189.995,740851309.995
