expt,t0,t1
98.49860480622954,771283210.99,771283330.99
109.6881994352827,771283330.99,771283450.99
109.8041252410258,771283450.99,771283570.99
109.8536854793803,771283570.99,771283690.99
109.847762797255,771283690.99,771283810.99
105.774157145063,771283810.99,771283930.99
109.62406331858,771283930.99,771284050.99
109.4113872349633,771284050.99,771284170.99
109.0801392803954,771284170.99,771284290.99
72.1864790865139,771284290.99,771284410.99
