expt,t0,t1
100.2019747853322,787219748.995,787219868.995
106.4442023091592,787219868.995,787219988.995
106.6208750161683,787219988.995,787220108.995
106.6952294485149,787220108.995,787220228.995
106.7503970931401,787220228.995,787220348.995
106.7322462117979,787220348.995,787220468.995
106.7089889875968,787220468.995,787220588.995
106.6137531598104,787220588.995,787220708.995
66.51127085113379,787220708.995,787220828.995
