expt,t0,t1
98.16869496312728,838626509.995,838626629.995
107.3597690207794,838626629.995,838626749.995
107.5216237626233,838626749.995,838626869.995
107.6022330427277,838626869.995,838626989.995
107.6735810946039,838626989.995,838627109.995
107.7094324632102,838627109.995,838627229.995
107.730302598798,838627229.995,838627349.995
107.7338044127543,838627349.995,838627469.995
107.6978066660726,838627469.995,838627589.995
86.79432291893784,838627589.995,838627709.995
