expt,t0,t1
109.2295782031469,899268191.995,899268311.995
118.284778032058,899268311.995,899268431.995
118.3147713118307,899268431.995,899268551.995
118.3460267909662,899268551.995,899268671.995
118.3482891228748,899268671.995,899268791.995
118.3317254303898,899268791.995,899268911.995
118.3068504759992,899268911.995,899269031.995
118.2708670975558,899269031.995,899269151.995
118.2099392367907,899269151.995,899269271.995
75.73495065124904,899269271.995,899269391.995
