expt,t0,t1
110.6745148426222,823119336.99,823119456.99
118.6915592148239,823119456.99,823119576.99
103.7426020861051,823119576.99,823119696.99
118.6996351514246,823119696.99,823119816.99
118.6875158982211,823119816.99,823119936.99
118.6736798399522,823119936.99,823120056.99
118.6545596589274,823120056.99,823120176.99
114.6185816287863,823120176.99,823120296.99
118.5754154802405,823120296.99,823120416.99
25.67016350864513,823120416.99,823120536.99
