expt,t0,t1
97.95339089403062,928433581.99,928433701.99
109.1010037860573,928433701.99,928433821.99
109.1485879203947,928433821.99,928433941.99
109.1803069233356,928433941.99,928434061.99
109.1795975526628,928434061.99,928434181.99
109.1331619232243,928434181.99,928434301.99
109.0678097425111,928434301.99,928434421.99
108.9498965728989,928434421.99,928434541.99
108.7294230418074,928434541.99,928434661.99
108.3524826080296,928434661.99,928434781.99
40.32707136226185,928434781.99,928434901.99
