expt,t0,t1
109.0774724833296,839135178.995,839135298.995
118.1270352015275,839135298.995,839135418.995
118.1556539675873,839135418.995,839135538.995
118.175870550601,839135538.995,839135658.995
118.1885085891357,839135658.995,839135778.995
39.36939771074219,839135778.995,839135898.995
