expt,t0,t1
80.63679582585829,812438548.995,812438668.995
104.0174914202611,812438668.995,812438788.995
106.9734941697358,812438788.995,812438908.995
104.4597865553654,812438908.995,812439028.995
105.3575453192287,812439028.995,812439148.995
103.7734422699435,812439148.995,812439268.995
107.2921986492322,812439268.995,812439388.995
107.3172067804114,812439388.995,812439508.995
72.22324317070053,812439508.995,812439628.995
