expt,t0,t1
111.5153284562755,744620472.995,744620592.995
117.634424462094,744620592.995,744620712.995
117.7721272035896,744620712.995,744620832.995
117.8395692966591,744620832.995,744620952.995
117.8754029226357,744620952.995,744621072.995
117.8897470696311,744621072.995,744621192.995
117.8856556183069,744621192.995,744621312.995
117.8708622139112,744621312.995,744621432.995
114.4217781884592,744621432.995,744621552.995
