expt,t0,t1
97.27250082678567,904888228.995,904888348.995
106.5229255640621,904888348.995,904888468.995
106.6902751136572,904888468.995,904888588.995
106.8306347981301,904888588.995,904888708.995
106.8892648472297,904888708.995,904888828.995
106.9797602773455,904888828.995,904888948.995
107.0128248325943,904888948.995,904889068.995
107.0526227793088,904889068.995,904889188.995
0.6711554028571147,904889188.995,904889308.995
