expt,t0,t1
110.6408526274137,868226291.99,868226411.99
118.7191136687092,868226411.99,868226531.99
118.7615952345498,868226531.99,868226651.99
118.7897059118832,868226651.99,868226771.99
118.8001671913474,868226771.99,868226891.99
118.7960222569993,868226891.99,868227011.99
112.6991590166654,868227011.99,868227131.99
118.7429029177158,868227131.99,868227251.99
114.6315947076672,868227251.99,868227371.99
95.84868097477987,868227371.99,868227491.99
