expt,t0,t1
68.6293047340991,765187556.995,765187676.995
94.89961685378255,765187676.995,765187796.995
95.11026616404838,765187796.995,765187916.995
91.26746433614514,765187916.995,765188036.995
95.39148096647992,765188036.995,765188156.995
95.46053200855845,765188156.995,765188276.995
95.51518169999396,765188276.995,765188396.995
95.5013377120224,765188396.995,765188516.995
95.51924087662165,765188516.995,765188636.995
62.41973293316971,765188636.995,765188756.995
