expt,t0,t1
112.8462688904044,766886791.99,766886911.99
118.8321553879095,766886911.99,766887031.99
118.7994558671302,766887031.99,766887151.99
118.7374957840049,766887151.99,766887271.99
118.6519496873637,766887271.99,766887391.99
75.10024908236183,766887391.99,766887511.99
