expt,t0,t1
74.84083673799931,788220314.994,788220434.994
81.89866525751702,788220434.994,788220554.994
77.93265520071915,788220554.994,788220674.994
81.92906685777989,788220674.994,788220794.994
77.93066783685012,788220794.994,788220914.994
81.9096436131675,788220914.994,788221034.994
81.80025978140688,788221034.994,788221154.994
81.678079127906,788221154.994,788221274.994
81.50016220725651,788221274.994,788221394.994
32.56492867744853,788221394.994,788221514.994
