expt,t0,t1
109.4935811054541,857280972.995,857281092.995
118.5567980396398,857281092.995,857281212.995
118.5916475779777,857281212.995,857281332.995
118.6178275181501,857281332.995,857281452.995
118.6396432435768,857281452.995,857281572.995
116.6310986588601,857281572.995,857281692.995
2.96110246425495,857281692.995,857281812.995
