expt,t0,t1
99.85829204736612,899528679.995,899528799.995
100.9188774656985,899528799.995,899528919.995
109.0242003359118,899528919.995,899529039.995
109.0512746499237,899529039.995,899529159.995
109.0202087183958,899529159.995,899529279.995
108.9331419131985,899529279.995,899529399.995
104.7449216070493,899529399.995,899529519.995
108.4151099045712,899529519.995,899529639.995
107.9575151512812,899529639.995,899529759.995
32.04709323403991,899529759.995,899529879.995
