expt,t0,t1
109.7815283575371,926321556.995,926321676.995
118.8265075805914,926321676.995,926321796.995
118.8621861057989,926321796.995,926321916.995
118.8801510535087,926321916.995,926322036.995
118.8876172836375,926322036.995,926322156.995
118.8927195641124,926322156.995,926322276.995
93.15435184178622,926322276.995,926322396.995
