expt,t0,t1
99.7539533120848,769158545.995,769158665.995
106.1765105889186,769158665.995,769158785.995
106.4222624876361,769158785.995,769158905.995
106.5970547993697,769158905.995,769159025.995
106.7336536932916,769159025.995,769159145.995
102.7991234814841,769159145.995,769159265.995
106.881202793234,769159265.995,769159385.995
106.8811859034561,769159385.995,769159505.995
42.08897120051628,769159505.995,769159625.995
