expt,t0,t1
108.7450101488553,905923461.995,905923581.995
118.7775278273535,905923581.995,905923701.995
118.7992365867325,905923701.995,905923821.995
118.8196189671201,905923821.995,905923941.995
118.8295775061601,905923941.995,905924061.995
82.1409229053589,905924061.995,905924181.995
