expt,t0,t1
99.25414535860365,845596776.99,845596896.99
101.3506010541766,845596896.99,845597016.99
107.2606316542926,845597016.99,845597136.99
107.225523435915,845597136.99,845597256.99
107.152345658097,845597256.99,845597376.99
107.0280763020595,845597376.99,845597496.99
106.8172186845326,845597496.99,845597616.99
61.971185087319,845597616.99,845597736.99
