expt,t0,t1
111.5903497696407,777177400.995,777177520.995
117.6516246025628,777177520.995,777177640.995
117.676563736582,777177640.995,777177760.995
117.6936890008175,777177760.995,777177880.995
117.7090386286612,777177880.995,777178000.995
117.7153977601964,777178000.995,777178120.995
117.680457300718,777178120.995,777178240.995
22.46606291972216,777178240.995,777178360.995
