expt,t0,t1
95.43547100277537,791190110.995,791190230.995
105.8284741950945,791190230.995,791190350.995
106.0745301098146,791190350.995,791190470.995
106.2568214829464,791190470.995,791190590.995
106.3479925041792,791190590.995,791190710.995
106.4154559071328,791190710.995,791190830.995
106.3825095803295,791190830.995,791190950.995
106.3134078689172,791190950.995,791191070.995
106.1750073986834,791191070.995,791191190.995
14.7887164642101,791191190.995,791191310.995
