expt,t0,t1
107.9766128619654,791190110.995,791190230.995
118.0459602856797,791190230.995,791190350.995
118.1039305352261,791190350.995,791190470.995
118.1380206146254,791190470.995,791190590.995
118.1548945086487,791190590.995,791190710.995
118.1665965942661,791190710.995,791190830.995
118.1564989993641,791190830.995,791190950.995
118.1395288358978,791190950.995,791191070.995
118.1116909219861,791191070.995,791191190.995
16.66874085189203,791191190.995,791191310.995
