expt,t0,t1
109.0014784547472,861345507.995,861345627.995
118.0350978835367,861345627.995,861345747.995
117.6719196343004,861345747.995,861345867.995
116.0637258836773,861345867.995,861345987.995
118.0890355130851,861345987.995,861346107.995
118.0911641374341,861346107.995,861346227.995
114.0813085511353,861346227.995,861346347.995
103.0136825966532,861346347.995,861346467.995
23.66858121448415,861346467.995,861346587.995
