expt,t0,t1
111.6036759183594,763619330.995,763619450.995
118.6645556360842,763619450.995,763619570.995
114.72502487784,763619570.995,763619690.995
118.779217890907,763619690.995,763619810.995
118.81533497691,763619810.995,763619930.995
118.8444992698131,763619930.995,763620050.995
118.8551049534417,763620050.995,763620170.995
114.8498174848772,763620170.995,763620290.995
108.8696334851819,763620290.995,763620410.995
