expt,t0,t1
109.9046141886157,887867828.995,887867948.995
118.9405708255472,887867948.995,887868068.995
114.9363115660364,887868068.995,887868188.995
118.9799664209119,887868188.995,887868308.995
118.9911978559195,887868308.995,887868428.995
118.9918289556009,887868428.995,887868548.995
118.9495934116699,887868548.995,887868668.995
8.879286136869599,887868668.995,887868788.995
