expt,t0,t1
81.0565498385797,800652541.994,800652661.994
111.0753343764619,800652661.994,800652781.994
111.0348720984824,800652781.994,800652901.994
110.9731624798747,800652901.994,800653021.994
104.8388603111885,800653021.994,800653141.994
106.6845689245839,800653141.994,800653261.994
110.4358704944882,800653261.994,800653381.994
104.3017656577731,800653381.994,800653501.994
