expt,t0,t1
109.7854326182779,883833213.995,883833333.995
118.8099973711302,883833333.995,883833453.995
114.8218645866236,883833453.995,883833573.995
118.8208383800637,883833573.995,883833693.995
118.8184369922931,883833693.995,883833813.995
112.7595888261296,883833813.995,883833933.995
118.7549312497786,883833933.995,883834053.995
118.7099252852125,883834053.995,883834173.995
118.6336584932085,883834173.995,883834293.995
108.5772098232123,883834293.995,883834413.995
