expt,t0,t1
62.56332653292795,856908180.995,856908300.995
77.26971010747607,856908300.995,856908420.995
102.2916895034024,856908420.995,856908540.995
96.4259318642267,856908540.995,856908660.995
97.53164999321167,856908660.995,856908780.995
71.55136665617127,856908780.995,856908900.995
53.57001860092515,856908900.995,856909020.995
37.10721521352272,856909020.995,856909140.995
43.29801855895661,856909620.995,856909740.995
58.2632200797201,856909740.995,856909860.995
