expt,t0,t1
109.4353399216286,915839384.99,915839504.99
117.4787674694934,915839504.99,915839624.99
117.4984599188734,915839624.99,915839744.99
117.5069316298506,915839744.99,915839864.99
117.502904358155,915839864.99,915839984.99
117.4875386854041,915839984.99,915840104.99
117.4793825242676,915840104.99,915840224.99
117.4441425598557,915840224.99,915840344.99
32.23625895446521,915840344.99,915840464.99
