expt,t0,t1
100.4415367770959,797923977.995,797924097.995
108.7708029977207,797924097.995,797924217.995
109.0182889136384,797924217.995,797924337.995
109.1999328452831,797924337.995,797924457.995
109.2993066686609,797924457.995,797924577.995
109.3555496291472,797924577.995,797924697.995
109.3408667822054,797924697.995,797924817.995
-6.656856647607418,797924817.995,797924937.995
