expt,t0,t1
98.62380691906242,861434243.995,861434363.995
107.8407673763458,861434363.995,861434483.995
107.9905290371963,861434483.995,861434603.995
108.102091650309,861434603.995,861434723.995
108.1880606199413,861434723.995,861434843.995
108.2341190443395,861434843.995,861434963.995
108.2483120877215,861434963.995,861435083.995
108.25841217492,861435083.995,861435203.995
108.2336911699655,861435203.995,861435323.995
84.55681194330855,861435323.995,861435443.995
