expt,t0,t1
112.0252189098532,791361804.995,791361924.995
118.0481103032383,791361924.995,791362044.995
118.0968440345665,791362044.995,791362164.995
118.1148838585097,791362164.995,791362284.995
118.1301532618177,791362284.995,791362404.995
118.1281369518187,791362404.995,791362524.995
118.1188148607623,791362524.995,791362644.995
61.01078601756243,791362644.995,791362764.995
