expt,t0,t1
101.8642742214187,771549499.99,771549619.99
108.1238569441269,771549619.99,771549739.99
108.2963522460628,771549739.99,771549859.99
108.3761451869009,771549859.99,771549979.99
108.3732908144318,771549979.99,771550099.99
108.3347145616538,771550099.99,771550219.99
108.2078723294459,771550219.99,771550339.99
108.0232895764425,771550339.99,771550459.99
107.7042923407954,771550459.99,771550579.99
54.2777670476535,771550579.99,771550699.99
