expt,t0,t1
99.51837037958873,769632561.99,769632681.99
105.5742042183774,769632681.99,769632801.99
105.5591835758772,769632801.99,769632921.99
105.5552144780651,769632921.99,769633041.99
105.5003958888503,769633041.99,769633161.99
105.429971144834,769633161.99,769633281.99
105.3102958083918,769633281.99,769633401.99
105.1402720439587,769633401.99,769633521.99
104.8640622457186,769633521.99,769633641.99
3.998779594602135,769633641.99,769633761.99
