expt,t0,t1
111.8853968972986,778402247.995,778402367.995
117.9263508511511,778402367.995,778402487.995
117.9552958636564,778402487.995,778402607.995
117.9759724006752,778402607.995,778402727.995
118.0023823178502,778402727.995,778402847.995
118.0036391689106,778402847.995,778402967.995
118.0015426343758,778402967.995,778403087.995
118.0018260944022,778403087.995,778403207.995
16.67913996254028,778403207.995,778403327.995
