expt,t0,t1
97.88362193832337,778402247.995,778402367.995
104.2145207962505,778402367.995,778402487.995
104.4248548306617,778402487.995,778402607.995
104.5682040058271,778402607.995,778402727.995
104.6653652682969,778402727.995,778402847.995
104.7450793901713,778402847.995,778402967.995
104.7861046607483,778402967.995,778403087.995
104.7971730952143,778403087.995,778403207.995
14.58256546479797,778403207.995,778403327.995
