expt,t0,t1
101.5691173211613,806025349.994,806025469.994
109.4942090759757,806025469.994,806025589.994
109.3204920801033,806025589.994,806025709.994
109.0394855849328,806025709.994,806025829.994
108.6439157261051,806025829.994,806025949.994
108.0672086289704,806025949.994,806026069.994
14.94798769099787,806026069.994,806026189.994
