expt,t0,t1
110.6027887593427,876273297.99,876273417.99
118.5993919198305,876273417.99,876273537.99
118.5837855734723,876273537.99,876273657.99
118.5603653573303,876273657.99,876273777.99
118.5006355162994,876273777.99,876273897.99
46.38379267076969,876273897.99,876274017.99
