expt,t0,t1
107.5288221972843,746775117.995,746775237.995
113.6665617093987,746775237.995,746775357.995
113.7426734006335,746775357.995,746775477.995
113.785695145015,746775477.995,746775597.995
113.8189562375447,746775597.995,746775717.995
109.8024372064445,746775717.995,746775837.995
83.41432542735899,746775837.995,746775957.995
