expt,t0,t1
88.96927502188665,905669038.995,905669158.995
83.03757348899819,905669158.995,905669278.995
85.00992380877746,905669278.995,905669398.995
94.77919807672231,905669398.995,905669518.995
79.93197737789517,905669518.995,905669638.995
90.99365822590676,905669638.995,905669758.995
93.04615790658615,905669758.995,905669878.995
99.05512699962985,905669878.995,905669998.995
92.72149567686995,905669998.995,905670118.995
