expt,t0,t1
110.9999921125121,793149254.99,793149374.99
117.0844157414693,793149374.99,793149494.99
117.0943635839046,793149494.99,793149614.99
117.0967168369539,793149614.99,793149734.99
117.1044718754115,793149734.99,793149854.99
117.1014714777737,793149854.99,793149974.99
117.0950481666099,793149974.99,793150094.99
117.0920210274602,793150094.99,793150214.99
117.0647232920893,793150214.99,793150334.99
117.0181395783197,793150334.99,793150454.99
68.17285210556223,793150454.99,793150574.99
