expt,t0,t1
98.77639480275215,847512752.995,847512872.995
108.0552337764224,847512872.995,847512992.995
108.2478110243098,847512992.995,847513112.995
108.4122161226202,847513112.995,847513232.995
104.5422023373866,847513232.995,847513352.995
108.5798978378478,847513352.995,847513472.995
104.6156303570425,847513472.995,847513592.995
108.6390176905072,847513592.995,847513712.995
108.61179699842,847513712.995,847513832.995
70.38498402548635,847513832.995,847513952.995
