expt,t0,t1
109.7475826823022,847512752.995,847512872.995
118.798076005115,847512872.995,847512992.995
118.8367228381459,847512992.995,847513112.995
118.8660903665396,847513112.995,847513232.995
114.9568518613507,847513232.995,847513352.995
118.8968431052509,847513352.995,847513472.995
115.0795494130147,847513472.995,847513592.995
118.89769348533,847513592.995,847513712.995
118.9014961283255,847513712.995,847513832.995
77.32138412527016,847513832.995,847513952.995
