expt,t0,t1
110.7765658004222,885259796.99,885259916.99
118.7836088471647,885259916.99,885260036.99
118.793069994083,885260036.99,885260156.99
118.7837746445387,885260156.99,885260276.99
114.7851050368365,885260276.99,885260396.99
114.6183321169024,885260396.99,885260516.99
118.7201138012551,885260516.99,885260636.99
93.92792877370593,885260636.99,885260756.99
