expt,t0,t1
97.98574555622893,885259796.99,885259916.99
106.0124207664628,885259916.99,885260036.99
106.0175834085815,885260036.99,885260156.99
105.9809382204128,885260156.99,885260276.99
101.9017921000956,885260276.99,885260396.99
101.7823757402483,885260396.99,885260516.99
105.605546016278,885260516.99,885260636.99
83.20516433505213,885260636.99,885260756.99
