expt,t0,t1
111.0354289841379,889649027.99,889649147.99
119.0668763346612,889649147.99,889649267.99
119.0792309131696,889649267.99,889649387.99
119.0859162911503,889649387.99,889649507.99
119.0865741323436,889649507.99,889649627.99
119.0883979034567,889649627.99,889649747.99
119.0824185013908,889649747.99,889649867.99
119.0759470555055,889649867.99,889649987.99
119.0592175656465,889649987.99,889650107.99
119.0320054031138,889650107.99,889650227.99
102.0764444393084,889650227.99,889650347.99
