expt,t0,t1
96.64544596923254,916010783.99,916010903.99
104.7398885984227,916010903.99,916011023.99
104.7570373529414,916011023.99,916011143.99
104.7471680927079,916011143.99,916011263.99
104.7176335010451,916011263.99,916011383.99
104.6670486161633,916011383.99,916011503.99
100.5729437825316,916011503.99,916011623.99
104.4422738216272,916011623.99,916011743.99
104.2429294027183,916011743.99,916011863.99
50.95093424358836,916011863.99,916011983.99
