expt,t0,t1
97.98807567800999,905379156.995,905379276.995
107.0978986439966,905379276.995,905379396.995
107.2693298899233,905379396.995,905379516.995
103.4536742819069,905379516.995,905379636.995
103.5092204147351,905379636.995,905379756.995
107.5760426270939,905379756.995,905379876.995
56.49460302559926,905379876.995,905379996.995
19.15249169917669,905380596.995,905380716.995
107.0802657158441,905380716.995,905380836.995
14.04445022168058,905380836.995,905380956.995
