expt,t0,t1
110.7523914736439,907012568.99,907012688.99
118.7714414592398,907012688.99,907012808.99
118.7738856334296,907012808.99,907012928.99
118.7776080518892,907012928.99,907013048.99
118.7662749991363,907013048.99,907013168.99
118.7624135248147,907013168.99,907013288.99
118.7518934140242,907013288.99,907013408.99
118.7346825769507,907013408.99,907013528.99
118.7086042545235,907013528.99,907013648.99
64.29796457662606,907013648.99,907013768.99
