expt,t0,t1
101.6837332449868,900569742.995,900569862.995
110.7854098216199,900569862.995,900569982.995
110.8594784613439,900569982.995,900570102.995
110.9102391992758,900570102.995,900570222.995
110.9545873226487,900570222.995,900570342.995
110.9815053285503,900570342.995,900570462.995
96.03641050668368,900570462.995,900570582.995
