expt,t0,t1
100.6591665746041,806628391.99,806628511.99
108.8119408668172,806628511.99,806628631.99
108.8798828134787,806628631.99,806628751.99
108.8673224486294,806628751.99,806628871.99
108.7859024591847,806628871.99,806628991.99
108.6382970599824,806628991.99,806629111.99
101.4827978835977,806629111.99,806629231.99
108.0548453115302,806629231.99,806629351.99
107.5915474432279,806629351.99,806629471.99
22.12494318284432,806629471.99,806629591.99
