expt,t0,t1
92.66309636152282,849424284.995,849424404.995
105.9615037159485,849424404.995,849424524.995
106.2096032937974,849424524.995,849424644.995
106.3383428110587,849424644.995,849424764.995
98.42012249479961,849424764.995,849424884.995
106.1591591570649,849424884.995,849425004.995
68.81519806348551,849425004.995,849425124.995
