expt,t0,t1
101.4627540585894,929049064.99,929049184.99
105.4598846592409,929049184.99,929049304.99
109.4272467364338,929049304.99,929049424.99
109.3599691210372,929049424.99,929049544.99
109.2218951865101,929049544.99,929049664.99
108.0196569856503,929049664.99,929049784.99
105.7222273754457,929049784.99,929049904.99
17.9032185196478,929049904.99,929050024.99
