expt,t0,t1
4.628448805869941,825479402.995,825479522.995
119.0987575651757,825479522.995,825479642.995
119.1369658374111,825479642.995,825479762.995
119.1516522757591,825479762.995,825479882.995
119.15786700313,825479882.995,825480002.995
119.1657343559377,825480002.995,825480122.995
119.1780087099103,825480122.995,825480242.995
118.3357677378325,825480242.995,825480362.995
10.78435830618216,825480362.995,825480482.995
