expt,t0,t1
73.72270351326772,739045129.99,739045249.99
108.1261483239985,739045249.99,739045369.99
108.1787543523053,739045369.99,739045489.99
108.2050855160885,739045489.99,739045609.99
108.1877678637906,739045609.99,739045729.99
100.1301668492121,739045729.99,739045849.99
108.0604020484671,739045849.99,739045969.99
100.9066819286903,739045969.99,739046089.99
107.6781188149394,739046089.99,739046209.99
107.3752513172096,739046209.99,739046329.99
56.31911319712016,739046329.99,739046449.99
