expt,t0,t1
99.33844224022141,841348161.99,841348281.99
107.4226384041378,841348281.99,841348401.99
107.4702506881051,841348401.99,841348521.99
107.4821016822816,841348521.99,841348641.99
107.480249436636,841348641.99,841348761.99
107.4768658511252,841348761.99,841348881.99
103.4237468785886,841348881.99,841349001.99
107.3405428235761,841349001.99,841349121.99
107.251674442067,841349121.99,841349241.99
107.0730425208187,841349241.99,841349361.99
99.06906717211447,841349361.99,841349481.99
