expt,t0,t1
74.32282544653404,740299416.995,740299536.995
106.8542467076676,740299536.995,740299656.995
107.2267957991852,740299656.995,740299776.995
107.4902988545006,740299776.995,740299896.995
107.6657048281654,740299896.995,740300016.995
107.7705509395905,740300016.995,740300136.995
107.7703313724775,740300136.995,740300256.995
11.71126281011813,740300256.995,740300376.995
