expt,t0,t1
107.8161246673348,747331471.995,747331591.995
118.7523480197269,747331591.995,747331711.995
110.8420812971654,747331711.995,747331831.995
118.8391456191261,747331831.995,747331951.995
118.8546022130176,747331951.995,747332071.995
118.8703369186329,747332071.995,747332191.995
8.455653841616519,747332191.995,747332311.995
