expt,t0,t1
101.7191040550684,769721471.99,769721591.99
107.7351668548401,769721591.99,769721711.99
107.6722918415557,769721711.99,769721831.99
107.6371554735482,769721831.99,769721951.99
107.5514792600667,769721951.99,769722071.99
107.4078654783805,769722071.99,769722191.99
107.2387988013631,769722191.99,769722311.99
88.05823886835424,769722311.99,769722431.99
