expt,t0,t1
101.1023707147253,779657140.99,779657260.99
106.1884685516887,779657260.99,779657380.99
102.2471886796038,779657380.99,779657500.99
102.2720041513675,779657500.99,779657620.99
106.2812835113061,779657620.99,779657740.99
106.2740040170209,779657740.99,779657860.99
106.2175752689774,779657860.99,779657980.99
106.1912215854903,779657980.99,779658100.99
106.0483002846989,779658100.99,779658220.99
105.8889733796176,779658220.99,779658340.99
101.7698047365132,779658340.99,779658460.99
