expt,t0,t1
66.97176710685463,799220030.995,799220150.995
96.94977477102653,799220150.995,799220270.995
96.99208544799707,799220270.995,799220390.995
70.5071330639137,799220390.995,799220510.995
92.3586643753472,799220510.995,799220630.995
100.4921877513504,799220630.995,799220750.995
108.5414904828491,799220750.995,799220870.995
3.424133841928967,799220870.995,799220990.995
