expt,t0,t1
113.0442830945762,766010922.99,766011042.99
119.0772466929849,766011042.99,766011162.99
119.0596561264421,766011162.99,766011282.99
119.0342730833249,766011282.99,766011402.99
119.0249242507567,766011402.99,766011522.99
119.0100452735228,766011522.99,766011642.99
118.9695693210763,766011642.99,766011762.99
24.86433405921419,766011762.99,766011882.99
