expt,t0,t1
98.89530513683424,854577705.99,854577825.99
106.9891509938711,854577825.99,854577945.99
107.0555165612598,854577945.99,854578065.99
107.0777040995257,854578065.99,854578185.99
105.1098222062446,854578185.99,854578305.99
107.0500161235826,854578305.99,854578425.99
107.0043461640766,854578425.99,854578545.99
106.9127923078775,854578545.99,854578665.99
106.7783721953079,854578665.99,854578785.99
106.5778792715002,854578785.99,854578905.99
85.59097753216588,854578905.99,854579025.99
