expt,t0,t1
110.5969591097435,854577705.99,854577825.99
118.6140783581785,854577825.99,854577945.99
118.6257964887031,854577945.99,854578065.99
118.6354769160192,854578065.99,854578185.99
116.6592367535221,854578185.99,854578305.99
118.6344233004495,854578305.99,854578425.99
118.6276951360497,854578425.99,854578545.99
118.6098585475971,854578545.99,854578665.99
118.5917759372349,854578665.99,854578785.99
118.5493959891395,854578785.99,854578905.99
95.72545407702667,854578905.99,854579025.99
