expt,t0,t1
75.41036197388864,844673064.995,844673184.995
92.82676255882241,844673184.995,844673304.995
93.09451620824868,844673304.995,844673424.995
93.25361228636505,844673424.995,844673544.995
77.3662821319963,844673544.995,844673664.995
93.44585173869393,844673664.995,844673784.995
93.49072224871153,844673784.995,844673904.995
87.46549955937913,844673904.995,844674024.995
25.26436286148041,844674024.995,844674144.995
