expt,t0,t1
112.1377592153065,773023128.995,773023248.995
118.2331669140469,773023248.995,773023368.995
118.2768571962265,773023368.995,773023488.995
118.2652888181686,773023488.995,773023608.995
118.2894577966445,773023608.995,773023728.995
118.3310194544751,773023728.995,773023848.995
118.3502091634309,773023848.995,773023968.995
114.3887911493353,773023968.995,773024088.995
