expt,t0,t1
92.81174479516717,844715011.995,844715131.995
114.8901363340607,844715131.995,844715251.995
118.8861946352032,844715251.995,844715371.995
114.8147024063858,844715371.995,844715491.995
118.8759900742535,844715491.995,844715611.995
114.9176628389662,844715611.995,844715731.995
118.8423813420688,844715731.995,844715851.995
118.8043174739978,844715851.995,844715971.995
21.75352883290936,844715971.995,844716091.995
