expt,t0,t1
100.0855165272736,849821058.99,849821178.99
108.1966012176448,849821178.99,849821298.99
108.2466231099291,849821298.99,849821418.99
108.2832007389862,849821418.99,849821538.99
108.2648922197167,849821538.99,849821658.99
108.2011614576842,849821658.99,849821778.99
98.90444618050593,849821778.99,849821898.99
