expt,t0,t1
94.84648757293697,823918044.99,823918164.99
102.8946409507639,823918164.99,823918284.99
102.9244795584293,823918284.99,823918404.99
102.9241811723527,823918404.99,823918524.99
88.87241214011766,823918524.99,823918644.99
100.8218510168721,823918644.99,823918764.99
98.72005632532525,823918764.99,823918884.99
96.60616292285897,823918884.99,823919004.99
102.3368841844598,823919004.99,823919124.99
15.02537231205745,823919124.99,823919244.99
