expt,t0,t1
112.7759112592142,741389162.995,741389282.995
117.7812086210386,741389282.995,741389402.995
117.8036500978443,741389402.995,741389522.995
117.8202565767484,741389522.995,741389642.995
117.8067093268082,741389642.995,741389762.995
117.7978792795713,741389762.995,741389882.995
117.7789997721538,741389882.995,741390002.995
117.6944217182441,741390002.995,741390122.995
117.6076562086592,741390122.995,741390242.995
92.41629715930087,741390242.995,741390362.995
