expt,t0,t1
85.42283910981338,741134555.995,741134675.995
116.3994175586755,741134675.995,741134795.995
118.3975897742558,741134795.995,741134915.995
118.4160307208778,741134915.995,741135035.995
118.4216143485673,741135035.995,741135155.995
118.4066604951,741135155.995,741135275.995
118.3767955745846,741135275.995,741135395.995
118.3407801063269,741135395.995,741135515.995
118.2687598664162,741135515.995,741135635.995
43.88285083789896,741135635.995,741135755.995
