expt,t0,t1
112.9186347591575,770674080.99,770674200.99
118.9504598366562,770674200.99,770674320.99
118.9450420063407,770674320.99,770674440.99
118.9292163795847,770674440.99,770674560.99
118.9014693868136,770674560.99,770674680.99
118.8636194508379,770674680.99,770674800.99
118.7941556994671,770674800.99,770674920.99
105.7309648226578,770674920.99,770675040.99
