expt,t0,t1
96.71225494501877,833319167.995,833319287.995
109.9123267883318,833319287.995,833319407.995
110.0904520162423,833319407.995,833319527.995
106.2201730815006,833319527.995,833319647.995
110.2190226357244,833319647.995,833319767.995
110.2191577539478,833319767.995,833319887.995
110.1675538524645,833319887.995,833320007.995
110.042862251979,833320007.995,833320127.995
109.8700798238183,833320127.995,833320247.995
74.72838699023336,833320247.995,833320367.995
