expt,t0,t1
97.37152063239947,850010687.99,850010807.99
105.3961634393565,850010807.99,850010927.99
105.339520754126,850010927.99,850011047.99
105.2560458417005,850011047.99,850011167.99
105.1213048233503,850011167.99,850011287.99
104.8926960492254,850011287.99,850011407.99
87.74459263946024,850011407.99,850011527.99
