expt,t0,t1
94.21448181055794,771206668.99,771206788.99
110.2136010170108,771206788.99,771206908.99
110.1273955904877,771206908.99,771207028.99
105.9828353602716,771207028.99,771207148.99
109.7749847441812,771207148.99,771207268.99
105.4428535122016,771207268.99,771207388.99
64.25659852598898,771207388.99,771207508.99
