expt,t0,t1
109.1960657404051,891488597.995,891488717.995
118.3192104028099,891488717.995,891488837.995
118.4080831435344,891488837.995,891488957.995
118.4679466921249,891488957.995,891489077.995
118.4955332358245,891489077.995,891489197.995
118.5179800609326,891489197.995,891489317.995
118.5371483766788,891489317.995,891489437.995
28.64557067928497,891489437.995,891489557.995
