expt,t0,t1
100.9799416715331,744159735.99,744159855.99
107.9456810468826,744159855.99,744159975.99
107.8837687509398,744159975.99,744160095.99
107.7670378657824,744160095.99,744160215.99
107.5883552752003,744160215.99,744160335.99
107.3169252841126,744160335.99,744160455.99
53.19544064012684,744160455.99,744160575.99
