expt,t0,t1
102.1480511679223,910982027.99,910982147.99
110.3066580634451,910982147.99,910982267.99
110.4187724093034,910982267.99,910982387.99
110.4849409292829,910982387.99,910982507.99
110.5095437057919,910982507.99,910982627.99
110.5008004307534,910982627.99,910982747.99
110.4587842932049,910982747.99,910982867.99
110.3775106818355,910982867.99,910982987.99
104.2384458803367,910982987.99,910983107.99
101.0016549608723,910983107.99,910983227.99
19.97125054512494,910983227.99,910983347.99
