expt,t0,t1
82.08679049943,771537815.995,771537935.995
118.766242909322,771537935.995,771538055.995
118.776923469184,771538055.995,771538175.995
118.7815764922586,771538175.995,771538295.995
118.7469569309233,771538295.995,771538415.995
118.7058445304931,771538415.995,771538535.995
118.6412691275017,771538535.995,771538655.995
118.562461891865,771538655.995,771538775.995
28.61979119429339,771538775.995,771538895.995
