expt,t0,t1
103.9574719227898,779941520.99,779941640.99
109.953515326762,779941640.99,779941760.99
109.9177709267492,779941760.99,779941880.99
109.8548846536129,779941880.99,779942000.99
109.7302043129792,779942000.99,779942120.99
109.5676402004625,779942120.99,779942240.99
109.3418126097691,779942240.99,779942360.99
92.41605315505763,779942360.99,779942480.99
