expt,t0,t1
113.3176022079863,780100943.99,780101063.99
119.2802949930152,780101063.99,780101183.99
119.2987840743587,780101183.99,780101303.99
119.3062182146732,780101303.99,780101423.99
119.3096625214089,780101423.99,780101543.99
119.3044853647006,780101543.99,780101663.99
119.2967356745454,780101663.99,780101783.99
119.2797815559863,780101783.99,780101903.99
111.2488215684779,780101903.99,780102023.99
119.2188269537093,780102023.99,780102143.99
76.42460020964516,780102143.99,780102263.99
