expt,t0,t1
106.7189357782553,802474632.995,802474752.995
107.8785835891172,802474752.995,802474872.995
107.9754183158804,802474872.995,802474992.995
108.0178285482472,802474992.995,802475112.995
107.9920828967653,802475112.995,802475232.995
107.8895394250638,802475232.995,802475352.995
107.7829029971788,802475352.995,802475472.995
107.5727660101767,802475472.995,802475592.995
5.152881307412858,802475592.995,802475712.995
