expt,t0,t1
100.2695600959221,813699712.99,813699832.99
107.2662165408594,813699832.99,813699952.99
107.2358262004485,813699952.99,813700072.99
107.1515011692008,813700072.99,813700192.99
107.0320622896496,813700192.99,813700312.99
91.94075987061458,813700312.99,813700432.99
