expt,t0,t1
109.7618626496691,843714389.995,843714509.995
118.8115430305194,843714509.995,843714629.995
118.8498636171048,843714629.995,843714749.995
118.8721553414437,843714749.995,843714869.995
118.8822743295553,843714869.995,843714989.995
118.8893661785173,843714989.995,843715109.995
105.8954298101067,843715109.995,843715229.995
