expt,t0,t1
109.8359152444858,826869901.995,826870021.995
118.90962554795,826870021.995,826870141.995
118.9553695782453,826870141.995,826870261.995
118.9863415973543,826870261.995,826870381.995
119.0131793787201,826870381.995,826870501.995
103.2095663889275,826870501.995,826870621.995
