expt,t0,t1
110.8855053716936,876710720.99,876710840.99
118.900126962915,876710840.99,876710960.99
118.9081654613991,876710960.99,876711080.99
118.9036996289079,876711080.99,876711200.99
118.8931688215127,876711200.99,876711320.99
118.8824561718364,876711320.99,876711440.99
118.855276099118,876711440.99,876711560.99
118.8195280459795,876711560.99,876711680.99
8.888963894193889,876711680.99,876711800.99
