expt,t0,t1
95.0426972977945,808355957.995,808356077.995
107.237706595724,808356077.995,808356197.995
107.368275838927,808356197.995,808356317.995
107.4823831785803,808356317.995,808356437.995
107.5963610299362,808356437.995,808356557.995
107.6822455506788,808356557.995,808356677.995
107.7208049136789,808356677.995,808356797.995
107.7192116446281,808356797.995,808356917.995
1.585073834705397,808356917.995,808357037.995
