expt,t0,t1
110.4406810465683,914844923.995,914845043.995
116.6330415884249,914845043.995,914845163.995
118.2232996753139,914845163.995,914845283.995
118.4735731062334,914845283.995,914845403.995
118.4693158575353,914845403.995,914845523.995
118.466877031648,914845523.995,914845643.995
118.4483612087926,914845643.995,914845763.995
118.4253260704222,914845763.995,914845883.995
116.3666745756603,914845883.995,914846003.995
6.887991170657845,914846003.995,914846123.995
