expt,t0,t1
82.71525151857077,740500742.0,740500862.0
118.728665736768,740500862.0,740500982.0
118.7642212510206,740500982.0,740501102.0
118.7918505811394,740501102.0,740501222.0
118.802942960285,740501222.0,740501342.0
118.8044297883479,740501342.0,740501462.0
118.7815176609324,740501462.0,740501582.0
118.7662322127173,740501582.0,740501702.0
55.73866973221896,740501702.0,740501822.0
