expt,t0,t1
102.5779450450895,797031205.994,797031325.994
109.587941713527,797031325.994,797031445.994
109.5495512483061,797031445.994,797031565.994
109.476626817157,797031565.994,797031685.994
109.3663816067223,797031685.994,797031805.994
109.1987505608284,797031805.994,797031925.994
108.9537981115993,797031925.994,797032045.994
108.6355609159588,797032045.994,797032165.994
5.133306675765333,797032165.994,797032285.994
