expt,t0,t1
98.89701596675809,852441186.995,852441306.995
108.2779874275337,852441306.995,852441426.995
108.5501830885539,852441426.995,852441546.995
108.7545550313581,852441546.995,852441666.995
108.8792297420657,852441666.995,852441786.995
108.9544399231604,852441786.995,852441906.995
104.9565843039906,852441906.995,852442026.995
41.50206010043836,852442026.995,852442146.995
