expt,t0,t1
100.6344969531621,771958075.995,771958195.995
106.8872718534347,771958195.995,771958315.995
103.0876934511032,771958315.995,771958435.995
107.1900436424229,771958435.995,771958555.995
107.2602994886601,771958555.995,771958675.995
103.2479580699576,771958675.995,771958795.995
107.182499541617,771958795.995,771958915.995
107.0273556715348,771958915.995,771959035.995
106.7972211874708,771959035.995,771959155.995
0.5522401064214977,771959155.995,771959275.995
