expt,t0,t1
85.54850282264131,741027947.995,741028067.995
118.4775896813242,741028067.995,741028187.995
118.5241306086748,741028187.995,741028307.995
118.544716224553,741028307.995,741028427.995
116.5888497566514,741028427.995,741028547.995
118.4936934198042,741028547.995,741028667.995
118.4621437840376,741028667.995,741028787.995
118.4265936180874,741028787.995,741028907.995
118.343368684681,741028907.995,741029027.995
26.5822909004666,741029027.995,741029147.995
