expt,t0,t1
71.34597953100894,839572924.995,839573044.995
104.655355259914,839573044.995,839573164.995
104.8381871059393,839573164.995,839573284.995
104.9388839619211,839573284.995,839573404.995
105.0213117081153,839573404.995,839573524.995
105.0873619996494,839573524.995,839573644.995
105.141094013151,839573644.995,839573764.995
105.1695138794708,839573764.995,839573884.995
28.66351511753809,839573884.995,839574004.995
