expt,t0,t1
109.556092063725,853169293.995,853169413.995
118.5848124475302,853169413.995,853169533.995
118.5997823459046,853169533.995,853169653.995
118.6055745573871,853169653.995,853169773.995
118.5953165134135,853169773.995,853169893.995
118.5536425412329,853169893.995,853170013.995
118.474567890477,853170013.995,853170133.995
118.3983492331945,853170133.995,853170253.995
118.2812695456937,853170253.995,853170373.995
105.2371767892018,853170373.995,853170493.995
