expt,t0,t1
98.3769860019822,783989214.99,783989334.99
106.4449904987956,783989334.99,783989454.99
106.4390565568184,783989454.99,783989574.99
106.4594988180322,783989574.99,783989694.99
106.4348735218193,783989694.99,783989814.99
102.3827510461802,783989814.99,783989934.99
106.300357700508,783989934.99,783990054.99
106.1689270786309,783990054.99,783990174.99
105.9794913294373,783990174.99,783990294.99
8.586426926444105,783990294.99,783990414.99
