expt,t0,t1
101.0669321416315,765744333.99,765744453.99
108.1264692297791,765744453.99,765744573.99
104.2242097124277,765744573.99,765744693.99
104.1571559741588,765744693.99,765744813.99
108.1611439438567,765744813.99,765744933.99
108.1076652770239,765744933.99,765745053.99
107.9964573492475,765745053.99,765745173.99
107.8545438052057,765745173.99,765745293.99
107.6800723992526,765745293.99,765745413.99
103.6269765673861,765745413.99,765745533.99
