expt,t0,t1
111.2211385903028,791450616.995,791450736.995
118.2341189118714,791450736.995,791450856.995
114.2527430357703,791450856.995,791450976.995
118.2795366957212,791450976.995,791451096.995
118.2913510956887,791451096.995,791451216.995
118.2817990276298,791451216.995,791451336.995
117.6113865837636,791451336.995,791451456.995
98.33986298751782,791451456.995,791451576.995
25.59132953149653,791451576.995,791451696.995
