expt,t0,t1
76.9812834016014,811894289.74,811894409.74
43.11270602031091,811894409.74,811894529.74
34.23297778491373,811894649.74,811894769.74
115.0662599448911,811894769.74,811894889.74
113.0744802856562,811894889.74,811895009.74
101.4490510615131,811895009.74,811895129.74
0.0,811895249.74,811895369.74
90.73839611212186,811895369.74,811895489.74
119.0519599193106,811895489.74,811895609.74
113.9062626565803,811895609.74,811895729.74
44.32319732388883,811895729.74,811895849.74
