expt,t0,t1
78.19157014301163,813912057.14,813912177.14
118.8557307048207,813912177.14,813912297.14
118.8981855291494,813912297.14,813912417.14
118.927093103538,813912417.14,813912537.14
118.9475289669495,813912537.14,813912657.14
118.9651355783995,813912657.14,813912777.14
56.3574087943334,813912777.14,813912897.14
