expt,t0,t1
76.54041935928667,812669265.06,812669385.06
118.9684408292732,812669385.06,812669505.06
119.0223035825882,812669505.06,812669625.06
119.0515320551199,812669625.06,812669745.06
119.0700639228824,812669745.06,812669865.06
119.0856970107525,812669865.06,812669985.06
119.0930134884146,812669985.06,812670105.06
32.10576979545035,812670105.06,812670225.06
