expt,t0,t1
112.7405650420757,774822725.99,774822845.99
118.73158590987,774822845.99,774822965.99
118.7267349996072,774822965.99,774823085.99
118.7076255151871,774823085.99,774823205.99
118.681311867455,774823205.99,774823325.99
118.6297060977463,774823325.99,774823445.99
118.5665372982821,774823445.99,774823565.99
33.54302433185701,774823565.99,774823685.99
