expt,t0,t1
100.3502588804822,774822725.99,774822845.99
106.3118652692001,774822845.99,774822965.99
106.2147321563602,774822965.99,774823085.99
106.0952257176973,774823085.99,774823205.99
105.9038138644867,774823205.99,774823325.99
105.632609070438,774823325.99,774823445.99
105.2509169791377,774823445.99,774823565.99
29.3480540963692,774823565.99,774823685.99
