expt,t0,t1
87.67714861014917,778260207.995,778260327.995
106.8684735306055,778260327.995,778260447.995
107.0446226544989,778260447.995,778260567.995
107.1758956384488,778260567.995,778260687.995
107.2679449281336,778260687.995,778260807.995
107.3048885023789,778260807.995,778260927.995
107.3433071172296,778260927.995,778261047.995
89.35801186290914,778261047.995,778261167.995
