expt,t0,t1
99.75959723532685,778260207.995,778260327.995
118.6842159956499,778260327.995,778260447.995
118.7039833212632,778260447.995,778260567.995
118.7196698921572,778260567.995,778260687.995
118.7210230126605,778260687.995,778260807.995
118.7255209349659,778260807.995,778260927.995
118.7281576480415,778260927.995,778261047.995
97.62827461935414,778261047.995,778261167.995
1.84012768763344,778261767.995,778261887.995
