expt,t0,t1
91.67845326830279,764838354.995,764838474.995
98.018370646675,764838474.995,764838594.995
98.2674667214214,764838594.995,764838714.995
98.40803471315536,764838714.995,764838834.995
98.51615181157167,764838834.995,764838954.995
98.60710326569144,764838954.995,764839074.995
98.65669728360174,764839074.995,764839194.995
98.68975057899866,764839194.995,764839314.995
60.48862180413265,764839314.995,764839434.995
