expt,t0,t1
102.5406935652094,841709236.99,841709356.99
110.596662882166,841709356.99,841709476.99
110.6500068501497,841709476.99,841709596.99
106.6907869883341,841709596.99,841709716.99
110.6833000324937,841709716.99,841709836.99
110.6800001299224,841709836.99,841709956.99
110.6641638065616,841709956.99,841710076.99
106.630668056225,841710076.99,841710196.99
110.5706380427626,841710196.99,841710316.99
14.57843192278538,841710316.99,841710436.99
