expt,t0,t1
79.79242583210426,841709236.99,841709356.99
87.88237015044075,841709356.99,841709476.99
87.93773484247501,841709476.99,841709596.99
83.92114282966166,841709596.99,841709716.99
87.94097204991041,841709716.99,841709836.99
87.89168204800274,841709836.99,841709956.99
87.7957818889513,841709956.99,841710076.99
83.63998995641585,841710076.99,841710196.99
87.43798883341317,841710196.99,841710316.99
11.08563198684089,841710316.99,841710436.99
