expt,t0,t1
84.70900537720232,740891699.995,740891819.995
118.6473287541034,740891819.995,740891939.995
118.6484839874185,740891939.995,740892059.995
118.635070445038,740892059.995,740892179.995
114.6881102439214,740892179.995,740892299.995
114.4837468957272,740892299.995,740892419.995
118.5212211321776,740892419.995,740892539.995
112.4586827648969,740892539.995,740892659.995
53.93299032358622,740892659.995,740892779.995
