expt,t0,t1
102.3965617303674,920855588.99,920855708.99
110.4990551537012,920855708.99,920855828.99
110.5374399889961,920855828.99,920855948.99
110.5479116513089,920855948.99,920856068.99
110.517521310898,920856068.99,920856188.99
110.4714178470919,920856188.99,920856308.99
106.3957003516933,920856308.99,920856428.99
110.2194955495062,920856428.99,920856548.99
109.95483272944,920856548.99,920856668.99
95.75259324004163,920856668.99,920856788.99
