expt,t0,t1
89.89893047858513,866445344.995,866445464.995
99.12532669180192,866445464.995,866445584.995
99.26796086636855,866445584.995,866445704.995
99.39880597594437,866445704.995,866445824.995
99.4720682026519,866445824.995,866445944.995
99.49093971451879,866445944.995,866446064.995
99.52806344639531,866446064.995,866446184.995
99.55921382681281,866446184.995,866446304.995
99.56132504905331,866446304.995,866446424.995
0.4841236320547459,866446424.995,866446544.995
