expt,t0,t1
98.0179536951572,818332234.995,818332354.995
103.2904496051526,818332354.995,818332474.995
107.4744168333263,818332474.995,818332594.995
107.6233790446884,818332594.995,818332714.995
107.7070847840788,818332714.995,818332834.995
107.7372837070066,818332834.995,818332954.995
107.6946482776009,818332954.995,818333074.995
107.5822749551478,818333074.995,818333194.995
107.4443642884738,818333194.995,818333314.995
74.86247188432183,818333314.995,818333434.995
