expt,t0,t1
97.58431990681517,818255290.995,818255410.995
106.797857369106,818255410.995,818255530.995
106.9490096216722,818255530.995,818255650.995
107.0257736623359,818255650.995,818255770.995
107.0553476634805,818255770.995,818255890.995
107.0574025864613,818255890.995,818256010.995
107.0213485405199,818256010.995,818256130.995
106.9269121622219,818256130.995,818256250.995
102.7525189542663,818256250.995,818256370.995
37.08842380915812,818256370.995,818256490.995
