expt,t0,t1
110.7069309033751,858908895.99,858909015.99
118.7197554649953,858909015.99,858909135.99
118.7189478713352,858909135.99,858909255.99
118.7177658965083,858909255.99,858909375.99
118.6990147483479,858909375.99,858909495.99
118.6603625670147,858909495.99,858909615.99
23.70265578062731,858909615.99,858909735.99
