expt,t0,t1
110.1327941615511,918181076.995,918181196.995
119.2016695996596,918181196.995,918181316.995
119.2433917065617,918181316.995,918181436.995
115.2256032445118,918181436.995,918181556.995
119.2759896095956,918181556.995,918181676.995
53.59035132381118,918181676.995,918181796.995
