expt,t0,t1
99.73804756064686,766105779.99,766105899.99
106.7012084298999,766105899.99,766106019.99
106.6254859255415,766106019.99,766106139.99
106.4826490736398,766106139.99,766106259.99
106.3138470031432,766106259.99,766106379.99
106.0355259826626,766106379.99,766106499.99
0.5288877944450128,766106499.99,766106619.99
