expt,t0,t1
104.1421034822284,771105631.99,771105751.99
110.3440295120645,771105751.99,771105871.99
110.4419282948369,771105871.99,771105991.99
110.4794404916057,771105991.99,771106111.99
110.4872773485624,771106111.99,771106231.99
110.4425363268422,771106231.99,771106351.99
110.3543998357097,771106351.99,771106471.99
110.2108367233573,771106471.99,771106591.99
109.9855608654094,771106591.99,771106711.99
109.6356665960137,771106711.99,771106831.99
50.74029232755859,771106831.99,771106951.99
