expt,t0,t1
112.9192056925167,771105631.99,771105751.99
118.9678097295918,771105751.99,771105871.99
118.9881332786532,771105871.99,771105991.99
118.9958562272965,771105991.99,771106111.99
118.9954497563153,771106111.99,771106231.99
118.9875449653909,771106231.99,771106351.99
118.9730724591382,771106351.99,771106471.99
118.9436033129992,771106471.99,771106591.99
118.8946930876923,771106591.99,771106711.99
118.8125485113676,771106711.99,771106831.99
55.39927600617302,771106831.99,771106951.99
