expt,t0,t1
99.18804182065855,775704168.99,775704288.99
109.232327439341,775704288.99,775704408.99
109.2111926972323,775704408.99,775704528.99
109.1532494991017,775704528.99,775704648.99
105.0344855897012,775704648.99,775704768.99
102.8376026903756,775704768.99,775704888.99
108.5439113510182,775704888.99,775705008.99
108.1064942524212,775705008.99,775705128.99
22.15207942604192,775705128.99,775705248.99
