expt,t0,t1
112.3879768640581,769584600.995,769584720.995
118.49168780641,769584720.995,769584840.995
118.5324151290685,769584840.995,769584960.995
118.5603814022374,769584960.995,769585080.995
118.5870801277412,769585080.995,769585200.995
17.72172836690054,769585200.995,769585320.995
