expt,t0,t1
88.63474749076536,840004827.995,840004947.995
97.9507045663862,840004947.995,840005067.995
98.13242168706857,840005067.995,840005187.995
98.28363586882048,840005187.995,840005307.995
98.36605798508869,840005307.995,840005427.995
94.43924077186642,840005427.995,840005547.995
98.48786706347526,840005547.995,840005667.995
72.70980294158687,840005667.995,840005787.995
