expt,t0,t1
98.13498935710227,778053073.995,778053193.995
104.4489002444992,778053193.995,778053313.995
104.6436787934427,778053313.995,778053433.995
104.801018334655,778053433.995,778053553.995
104.8803158420073,778053553.995,778053673.995
104.9326178543114,778053673.995,778053793.995
89.85027135896338,778053793.995,778053913.995
