expt,t0,t1
112.0454025913889,778053073.995,778053193.995
118.1715919086933,778053193.995,778053313.995
118.2110195938724,778053313.995,778053433.995
118.238119442055,778053433.995,778053553.995
118.2638875629439,778053553.995,778053673.995
118.2760496025664,778053673.995,778053793.995
101.5113782532961,778053793.995,778053913.995
