expt,t0,t1
100.8654596107042,769810377.99,769810497.99
107.8155227882756,769810497.99,769810617.99
107.7392091416899,769810617.99,769810737.99
107.6543886769565,769810737.99,769810857.99
107.503529180541,769810857.99,769810977.99
107.3103157510185,769810977.99,769811097.99
67.58764075037304,769811097.99,769811217.99
