expt,t0,t1
93.72768487502084,824000795.99,824000915.99
102.8421024815689,824000915.99,824001035.99
102.8748067215554,824001035.99,824001155.99
102.8996403250294,824001155.99,824001275.99
95.9171719145143,824001275.99,824001395.99
102.8599606067604,824001395.99,824001515.99
102.789085468666,824001515.99,824001635.99
102.6808051023965,824001635.99,824001755.99
102.53415679061,824001755.99,824001875.99
73.05938432040433,824001875.99,824001995.99
