expt,t0,t1
99.98602709375803,747645219.995,747645339.995
106.2462935213739,747645339.995,747645459.995
102.3707473038269,747645459.995,747645579.995
106.5157023690367,747645579.995,747645699.995
106.6166525716873,747645699.995,747645819.995
106.6489852365595,747645819.995,747645939.995
106.6733177766217,747645939.995,747646059.995
106.679465655786,747646059.995,747646179.995
83.31934858416427,747646179.995,747646299.995
