expt,t0,t1
109.7397759899633,854589881.99,854590001.99
117.7587885374425,854590001.99,854590121.99
117.7722823043587,854590121.99,854590241.99
117.7711752057651,854590241.99,854590361.99
117.7623451585282,854590361.99,854590481.99
117.7481668089067,854590481.99,854590601.99
117.7164299825566,854590601.99,854590721.99
110.7794911484752,854590721.99,854590841.99
