expt,t0,t1
72.60548598121389,811870622.265,811870742.265
44.50412278280547,811870742.265,811870862.265
32.91968758734814,811870982.265,811871102.265
118.7703824953677,811871102.265,811871222.265
110.7954219121364,811871222.265,811871342.265
95.60944241835678,811871342.265,811871462.265
88.41133797866334,811871702.265,811871822.265
114.7588515554265,811871822.265,811871942.265
114.7227759125279,811871942.265,811872062.265
50.8774141318811,811872062.265,811872182.265
