expt,t0,t1
103.7224788126097,774130471.99,774130591.99
109.6640245331478,774130591.99,774130711.99
109.5335003293525,774130711.99,774130831.99
109.3568782916772,774130831.99,774130951.99
109.1135866706106,774130951.99,774131071.99
108.7520609741513,774131071.99,774131191.99
87.27251256240908,774131191.99,774131311.99
