expt,t0,t1
94.32503328349576,783640321.99,783640441.99
100.3342913656627,783640441.99,783640561.99
100.3010410228567,783640561.99,783640681.99
100.208755276281,783640681.99,783640801.99
100.0891981682843,783640801.99,783640921.99
99.87838559016514,783640921.99,783641041.99
92.47681294170985,783641041.99,783641161.99
