expt,t0,t1
81.77121042658221,815019267.83,815019387.83
119.0257211478119,815019387.83,815019507.83
119.030630889401,815019507.83,815019627.83
119.026667797334,815019627.83,815019747.83
119.0099703972894,815019747.83,815019867.83
118.988186761677,815019867.83,815019987.83
118.9595305575005,815019987.83,815020107.83
12.04309543810352,815020107.83,815020227.83
