expt,t0,t1
97.80072863135302,817911864.995,817911984.995
107.0131738880048,817911984.995,817912104.995
107.1830737940664,817912104.995,817912224.995
107.2515899931773,817912224.995,817912344.995
107.2522036551086,817912344.995,817912464.995
107.1554027079012,817912464.995,817912584.995
106.9831100833004,817912584.995,817912704.995
106.7279167987235,817912704.995,817912824.995
106.3605753887324,817912824.995,817912944.995
73.93587614771735,817912944.995,817913064.995
