expt,t0,t1
79.27397091145637,835425373.995,835425493.995
88.45900968846374,835425493.995,835425613.995
88.5725709252975,835425613.995,835425733.995
88.66542529439667,835425733.995,835425853.995
88.71116844294033,835425853.995,835425973.995
88.74830906459482,835425973.995,835426093.995
88.78733571145078,835426093.995,835426213.995
69.76090611665403,835426213.995,835426333.995
