expt,t0,t1
109.9808274975959,846169808.995,846169928.995
119.0362840450215,846169928.995,846170048.995
119.0749897093786,846170048.995,846170168.995
119.1048492815917,846170168.995,846170288.995
119.1239427211046,846170288.995,846170408.995
119.1302644145232,846170408.995,846170528.995
119.1336071035136,846170528.995,846170648.995
46.63299614456209,846170648.995,846170768.995
