expt,t0,t1
95.15473098240014,888305752.995,888305872.995
104.4449874459469,888305872.995,888305992.995
104.6505585629836,888305992.995,888306112.995
104.7716132312896,888306112.995,888306232.995
104.8709814247414,888306232.995,888306352.995
104.9583916554231,888306352.995,888306472.995
104.9493443643819,888306472.995,888306592.995
104.9872900654508,888306592.995,888306712.995
91.55226811727556,888306712.995,888306832.995
