expt,t0,t1
101.8824352500386,797551550.994,797551670.994
105.0105394344378,797551670.994,797551790.994
109.0575069779775,797551790.994,797551910.994
109.0830499521243,797551910.994,797552030.994
109.0638462746249,797552030.994,797552150.994
108.9663246968928,797552150.994,797552270.994
108.8280762346604,797552270.994,797552390.994
108.6098377841808,797552390.994,797552510.994
108.3094361940278,797552510.994,797552630.994
106.8051862441863,797552630.994,797552750.994
