expt,t0,t1
107.2605992061455,871688126.99,871688246.99
115.0942447887932,871688246.99,871688366.99
119.2083121912213,871688366.99,871688486.99
119.1780407997246,871688486.99,871688606.99
119.1361956818677,871688606.99,871688726.99
95.269000840903,871688726.99,871688846.99
