expt,t0,t1
111.5100913149153,837307284.995,837307404.995
118.519905449791,837307404.995,837307524.995
114.4574678969107,837307524.995,837307644.995
118.5181939930279,837307644.995,837307764.995
118.4820127273963,837307764.995,837307884.995
118.417367796474,837307884.995,837308004.995
118.3171245648799,837308004.995,837308124.995
79.72866439345331,837308124.995,837308244.995
