expt,t0,t1
101.5018538944831,836869754.99,836869874.99
109.4523055369467,836869874.99,836869994.99
109.3582069542072,836869994.99,836870114.99
109.1973543391867,836870114.99,836870234.99
108.9173105613579,836870234.99,836870354.99
108.5131832150488,836870354.99,836870474.99
15.12996378827504,836870474.99,836870594.99
