expt,t0,t1
109.8498743137096,825650963.995,825651083.995
114.8583465563378,825651083.995,825651203.995
119.0059859120129,825651203.995,825651323.995
119.0491627571635,825651323.995,825651443.995
119.0743104749758,825651443.995,825651563.995
119.0912752901396,825651563.995,825651683.995
82.34971127716251,825651683.995,825651803.995
