expt,t0,t1
99.61275971576163,852169024.995,852169144.995
108.9314473054801,852169144.995,852169264.995
109.175133021365,852169264.995,852169384.995
105.3270034205912,852169384.995,852169504.995
109.4173605864224,852169504.995,852169624.995
105.475483321218,852169624.995,852169744.995
109.3711614138747,852169744.995,852169864.995
64.24576592744766,852169864.995,852169984.995
