expt,t0,t1
110.00032740809,821242829.995,821242949.995
119.0757438200148,821242949.995,821243069.995
119.1225093760656,821243069.995,821243189.995
119.1559309176668,821243189.995,821243309.995
119.1912564549168,821243309.995,821243429.995
119.1991291560269,821243429.995,821243549.995
119.205498984167,821243549.995,821243669.995
56.57386251587836,821243669.995,821243789.995
