expt,t0,t1
99.67821886506837,821242829.995,821242949.995
108.9978522823506,821242949.995,821243069.995
109.2384359090235,821243069.995,821243189.995
109.4281925639975,821243189.995,821243309.995
109.5582832634927,821243309.995,821243429.995
109.6362408484631,821243429.995,821243549.995
109.6529110592739,821243549.995,821243669.995
51.90467991512492,821243669.995,821243789.995
