expt,t0,t1
100.60543389353,833360618.995,833360738.995
109.7835591214406,833360738.995,833360858.995
109.8864629084044,833360858.995,833360978.995
109.9680236459985,833360978.995,833361098.995
110.0270759395462,833361098.995,833361218.995
110.0051924172829,833361218.995,833361338.995
109.9260018785241,833361338.995,833361458.995
109.7829398295834,833361458.995,833361578.995
109.5897883292466,833361578.995,833361698.995
56.33785333807566,833361698.995,833361818.995
