expt,t0,t1
112.5513548028082,779663160.99,779663280.99
118.579121853793,779663280.99,779663400.99
118.5996807281593,779663400.99,779663520.99
118.6052376143369,779663520.99,779663640.99
118.5972739920862,779663640.99,779663760.99
110.6425955148119,779663760.99,779663880.99
118.5945677510796,779663880.99,779664000.99
118.5781003280375,779664000.99,779664120.99
118.56339249648,779664120.99,779664240.99
118.544299056967,779664240.99,779664360.99
12.80423608781749,779664360.99,779664480.99
