expt,t0,t1
99.32688963212154,853270386.99,853270506.99
107.3390734128968,853270506.99,853270626.99
107.2834328544897,853270626.99,853270746.99
107.1741672511746,853270746.99,853270866.99
107.0751255934293,853270866.99,853270986.99
106.8883584291478,853270986.99,853271106.99
12.21996941483106,853271106.99,853271226.99
