expt,t0,t1
97.53829526197276,848844295.995,848844415.995
102.8156874226465,848844415.995,848844535.995
106.929090943574,848844535.995,848844655.995
107.0711452357653,848844655.995,848844775.995
107.1583584190379,848844775.995,848844895.995
103.207726618943,848844895.995,848845015.995
107.1976834519705,848845015.995,848845135.995
107.119309252478,848845135.995,848845255.995
106.9850242581317,848845255.995,848845375.995
64.77178937811023,848845375.995,848845495.995
