expt,t0,t1
92.88250096074931,847601483.995,847601603.995
118.9462025879581,847601603.995,847601723.995
118.9817099674893,847601723.995,847601843.995
119.0056917553817,847601843.995,847601963.995
119.0201910031463,847601963.995,847602083.995
119.0336847700626,847602083.995,847602203.995
119.0379580636679,847602203.995,847602323.995
112.0537930520327,847602323.995,847602443.995
119.0452905862371,847602443.995,847602563.995
19.83911036517344,847602563.995,847602683.995
