expt,t0,t1
112.1147977915249,919714146.99,919714266.99
119.1279218580788,919714266.99,919714386.99
119.1303072009423,919714386.99,919714506.99
119.1274619040737,919714506.99,919714626.99
119.1177440386409,919714626.99,919714746.99
119.1040577328388,919714746.99,919714866.99
119.0831940052365,919714866.99,919714986.99
119.0441727910387,919714986.99,919715106.99
32.69511120924722,919715106.99,919715226.99
