expt,t0,t1
94.27990933359676,914833083.995,914833203.995
102.4443031720552,914833203.995,914833323.995
102.5260834767624,914833323.995,914833443.995
102.5743150525868,914833443.995,914833563.995
102.5999143259934,914833563.995,914833683.995
102.5776310789859,914833683.995,914833803.995
102.5313361976967,914833803.995,914833923.995
102.4206968924437,914833923.995,914834043.995
47.44110441613983,914834043.995,914834163.995
