expt,t0,t1
99.90187764572289,930480424.995,930480544.995
110.0438756386544,930480544.995,930480664.995
110.1639169202849,930480664.995,930480784.995
110.2238305925067,930480784.995,930480904.995
110.2213703148558,930480904.995,930481024.995
110.1783520504838,930481024.995,930481144.995
110.0572354529921,930481144.995,930481264.995
109.8924306299375,930481264.995,930481384.995
109.6059631065716,930481384.995,930481504.995
73.57654788669825,930481504.995,930481624.995
