expt,t0,t1
100.3031638355259,836863630.99,836863750.99
108.3572117458483,836863750.99,836863870.99
108.3400235818478,836863870.99,836863990.99
108.2672905681819,836863990.99,836864110.99
108.1761702162829,836864110.99,836864230.99
107.9937775044836,836864230.99,836864350.99
107.7446589100333,836864350.99,836864470.99
95.53422224841587,836864470.99,836864590.99
