expt,t0,t1
110.9025343664861,836863630.99,836863750.99
118.917664046434,836863750.99,836863870.99
118.907331126227,836863870.99,836863990.99
118.8965436003174,836863990.99,836864110.99
118.8649511781317,836864110.99,836864230.99
118.8315563780424,836864230.99,836864350.99
118.7642212510206,836864350.99,836864470.99
105.8011071575712,836864470.99,836864590.99
