expt,t0,t1
100.265589041999,833532327.995,833532447.995
109.4572767615823,833532447.995,833532567.995
109.5530981016701,833532567.995,833532687.995
109.611654961732,833532687.995,833532807.995
109.6220534350071,833532807.995,833532927.995
109.5895856519115,833532927.995,833533047.995
109.4798978041483,833533047.995,833533167.995
109.3260150374844,833533167.995,833533287.995
109.1208717948217,833533287.995,833533407.995
26.13176603215936,833533407.995,833533527.995
