expt,t0,t1
110.7245803012442,906841155.99,906841275.99
118.7435821521186,906841275.99,906841395.99
118.7488502299674,906841395.99,906841515.99
114.635663294939,906841515.99,906841635.99
118.7386349724129,906841635.99,906841755.99
118.7263820116498,906841755.99,906841875.99
118.705218779114,906841875.99,906841995.99
118.6703692407762,906841995.99,906842115.99
41.51582687923558,906842115.99,906842235.99
