expt,t0,t1
99.34670697155214,906841155.99,906841275.99
107.4031644901916,906841275.99,906841395.99
107.4195813543336,906841395.99,906841515.99
103.371234696125,906841515.99,906841635.99
107.3462346787364,906841635.99,906841755.99
107.2667626436789,906841755.99,906841875.99
107.1649623222061,906841875.99,906841995.99
106.9811508690612,906841995.99,906842115.99
37.16316732736316,906842115.99,906842235.99
