expt,t0,t1
103.1093648883262,775431884.99,775432004.99
109.2754020029727,775432004.99,775432124.99
109.2975388719048,775432124.99,775432244.99
109.276657476465,775432244.99,775432364.99
109.2096613573672,775432364.99,775432484.99
109.0719984074362,775432484.99,775432604.99
108.8632351223718,775432604.99,775432724.99
108.543719933535,775432724.99,775432844.99
108.0798365529315,775432844.99,775432964.99
17.66530347788695,775432964.99,775433084.99
