expt,t0,t1
113.9352592937813,747384747.995,747384867.995
118.9959418001347,747384867.995,747384987.995
119.0286894556354,747384987.995,747385107.995
119.0554951471869,747385107.995,747385227.995
119.0715988856668,747385227.995,747385347.995
119.0857825835907,747385347.995,747385467.995
119.0880181739874,747385467.995,747385587.995
119.0910667063467,747385587.995,747385707.995
95.36042540600043,747385707.995,747385827.995
