expt,t0,t1
76.1070510861326,816757794.485,816757914.485
114.9115108287,816757914.485,816758034.485
114.9607874085609,816758034.485,816758154.485
118.9944977584908,816758154.485,816758274.485
119.0178270534923,816758274.485,816758394.485
119.0276304917632,816758394.485,816758514.485
119.0301014074649,816758514.485,816758634.485
115.0425315297046,816758634.485,816758754.485
119.0601588668662,816758754.485,816758874.485
88.74310343820275,816758874.485,816758994.485
