expt,t0,t1
112.4934052789734,787213826.995,787213946.995
118.5380629363866,787213946.995,787214066.995
118.571778634619,787214066.995,787214186.995
118.573420563451,787214186.995,787214306.995
118.5676604417828,787214306.995,787214426.995
58.22834157533268,787214426.995,787214546.995
