expt,t0,t1
107.9863703496789,910988297.99,910988417.99
114.9863603205721,910988417.99,910988537.99
118.9628358083742,910988537.99,910988657.99
118.9516043733665,910988657.99,910988777.99
118.9343079634548,910988777.99,910988897.99
118.9159793311829,910988897.99,910989017.99
118.8678018233027,910989017.99,910989137.99
30.6741767379274,910989137.99,910989257.99
