expt,t0,t1
82.54301509620187,799397503.995,799397623.995
108.8757504478133,799397623.995,799397743.995
109.1747276666948,799397743.995,799397863.995
109.3910125328612,799397863.995,799397983.995
109.5384208846543,799397983.995,799398103.995
105.6356348965512,799398103.995,799398223.995
101.7008258895047,799398223.995,799398343.995
109.6948990471925,799398343.995,799398463.995
3.4814577482024,799398463.995,799398583.995
