expt,t0,t1
100.5389726792397,771691573.995,771691693.995
102.8163147915458,771691693.995,771691813.995
98.03098382772714,771691813.995,771691933.995
107.1218821286484,771691933.995,771692053.995
107.160340152981,771692053.995,771692173.995
107.1336543038613,771692173.995,771692293.995
107.0859125315967,771692293.995,771692413.995
106.9660007382636,771692413.995,771692533.995
106.7626365522088,771692533.995,771692653.995
35.19571893838215,771692653.995,771692773.995
