expt,t0,t1
105.4580135137776,777195148.995,777195268.995
117.4458914547354,777195268.995,777195388.995
113.4447876936316,777195388.995,777195508.995
117.4948819045781,777195508.995,777195628.995
117.5031396834599,777195628.995,777195748.995
117.51460109547,777195748.995,777195868.995
109.5879878391182,777195868.995,777195988.995
117.5236290298952,777195988.995,777196108.995
117.5338228942402,777196108.995,777196228.995
112.5458284897789,777196228.995,777196348.995
