expt,t0,t1
108.2842722666206,865924773.995,865924893.995
116.3504842501416,865924893.995,865925013.995
116.4009240899305,865925013.995,865925133.995
116.4332866676596,865925133.995,865925253.995
116.4491764740441,865925253.995,865925373.995
116.4699171906915,865925373.995,865925493.995
116.4806779750893,865925493.995,865925613.995
109.6280203599757,865925613.995,865925733.995
