expt,t0,t1
100.7535260434433,799651886.995,799652006.995
108.2701787202069,799652006.995,799652126.995
108.6034815977555,799652126.995,799652246.995
108.8471842034182,799652246.995,799652366.995
109.0194317886113,799652366.995,799652486.995
67.0789595518057,799652486.995,799652606.995
