expt,t0,t1
102.8080924293331,832449662.99,832449782.99
110.8524174574974,832449782.99,832449902.99
106.8725663415943,832449902.99,832450022.99
110.8443835531316,832450022.99,832450142.99
110.7949415432226,832450142.99,832450262.99
110.6822191653591,832450262.99,832450382.99
110.5012170452755,832450382.99,832450502.99
110.260104205561,832450502.99,832450622.99
109.864607535771,832450622.99,832450742.99
5.309253122323704,832450742.99,832450862.99
