expt,t0,t1
91.6794712337298,771786341.995,771786461.995
108.8816787598646,771786461.995,771786581.995
108.9744317902963,771786581.995,771786701.995
109.0613409575662,771786701.995,771786821.995
109.0810062889956,771786821.995,771786941.995
109.0189194653476,771786941.995,771787061.995
108.9364635695235,771787061.995,771787181.995
108.7131581856668,771787181.995,771787301.995
101.3624125555165,771787301.995,771787421.995
