expt,t0,t1
45.5771904276717,929474443.99,929474563.99
71.73953753491904,929474563.99,929474683.99
81.72801618576175,929474683.99,929474803.99
69.86077294507383,929474803.99,929474923.99
87.35911285708679,929474923.99,929475043.99
78.63711730958647,929475043.99,929475163.99
70.85312878428122,929475163.99,929475283.99
72.73128029641285,929475283.99,929475403.99
69.694224123648,929475403.99,929475523.99
65.44306186606889,929475523.99,929475643.99
60.08856212542493,929475643.99,929475763.99
