expt,t0,t1
106.8887102206085,893441128.99,893441248.99
118.9128987090094,893441248.99,893441368.99
118.9232316292164,893441368.99,893441488.99
118.9250928384462,893441488.99,893441608.99
110.8766011074024,893441608.99,893441728.99
116.9119592910743,893441728.99,893441848.99
118.9127756980545,893441848.99,893441968.99
114.8434582258138,893441968.99,893442088.99
118.8778566317856,893442088.99,893442208.99
118.8437291142697,893442208.99,893442328.99
110.7959908263641,893442328.99,893442448.99
