expt,t0,t1
109.3228365518266,826437891.995,826438011.995
118.3667193728921,826438011.995,826438131.995
118.3957178684212,826438131.995,826438251.995
118.4166778654664,826438251.995,826438371.995
118.4448955088474,826438371.995,826438491.995
118.4493239032218,826438491.995,826438611.995
118.4559290566667,826438611.995,826438731.995
23.68304623409367,826438731.995,826438851.995
