expt,t0,t1
3.919174025625139,802374076.995,802374196.995
108.9780574626239,802374196.995,802374316.995
108.9394699499939,802374316.995,802374436.995
108.9070640960841,802374436.995,802374556.995
108.815527129663,802374556.995,802374676.995
108.6636429867201,802374676.995,802374796.995
108.408500371477,802374796.995,802374916.995
69.16863160020822,802374916.995,802375036.995
