expt,t0,t1
111.4600051305817,916270937.99,916271057.99
118.4899549564374,916271057.99,916271177.99
118.4979132303856,916271177.99,916271297.99
118.5086472732715,916271297.99,916271417.99
118.5067379293202,916271417.99,916271537.99
118.504523732133,916271537.99,916271657.99
118.4991540365389,916271657.99,916271777.99
118.4825956923562,916271777.99,916271897.99
118.4542764312299,916271897.99,916272017.99
118.4234327713781,916272017.99,916272137.99
38.36886274465683,916272137.99,916272257.99
