expt,t0,t1
110.1534279121508,878608915.995,878609035.995
119.2081677870569,878609035.995,878609155.995
119.2331229659833,878609155.995,878609275.995
119.2475419892121,878609275.995,878609395.995
119.2611052840594,878609395.995,878609515.995
119.2661005984866,878609515.995,878609635.995
30.79226725457876,878609635.995,878609755.995
