expt,t0,t1
42.67598912407099,850157797.99,850157917.99
69.65154936802972,850157917.99,850158037.99
72.66653330049864,850158037.99,850158157.99
73.48834016492138,850158157.99,850158277.99
102.6580486353667,850158277.99,850158397.99
98.8553344154308,850158397.99,850158517.99
77.73861437422937,850158517.99,850158637.99
84.69565734944634,850158637.99,850158757.99
85.6677591416844,850158757.99,850158877.99
81.60780599863044,850158877.99,850158997.99
73.20601188122603,850158997.99,850159117.99
