expt,t0,t1
101.5111360020875,797119899.994,797120019.994
108.5535047448789,797120019.994,797120139.994
108.5193873934728,797120139.994,797120259.994
108.4793361000895,797120259.994,797120379.994
108.4031069023933,797120379.994,797120499.994
108.2876314907281,797120499.994,797120619.994
108.1272574194155,797120619.994,797120739.994
107.8860995402933,797120739.994,797120859.994
44.55233724889639,797120859.994,797120979.994
