expt,t0,t1
80.92016257696075,840436738.995,840436858.995
92.30921523731682,840436858.995,840436978.995
84.34527817279803,840436978.995,840437098.995
76.19146151123115,840437098.995,840437218.995
83.32009422433687,840437218.995,840437338.995
90.73435824216396,840437338.995,840437458.995
108.3675799179249,840437458.995,840437578.995
9.431289980098882,840437578.995,840437698.995
