expt,t0,t1
97.49553664176808,885265833.99,885265953.99
105.5131589310348,885265953.99,885266073.99
105.4871148934762,885266073.99,885266193.99
105.4129406187608,885266193.99,885266313.99
105.3230081812425,885266313.99,885266433.99
105.1396752718054,885266433.99,885266553.99
81.0928585717107,885266553.99,885266673.99
