expt,t0,t1
108.5829619349051,899333320.995,899333440.995
118.62177456531,899333440.995,899333560.995
118.6587152898802,899333560.995,899333680.995
106.9822472243999,899333680.995,899333800.995
118.4219469899796,899333800.995,899333920.995
114.6514917358525,899333920.995,899334040.995
114.4862624728137,899334040.995,899334160.995
118.556300647518,899334160.995,899334280.995
114.5266075484956,899334280.995,899334400.995
42.28675828475947,899334400.995,899334520.995
