expt,t0,t1
111.3837577292934,787314501.995,787314621.995
118.4250319137911,787314621.995,787314741.995
118.4536453315485,787314741.995,787314861.995
118.4739795772146,787314861.995,787314981.995
118.4739314424932,787314981.995,787315101.995
118.4815527733912,787315101.995,787315221.995
118.4871150078712,787315221.995,787315341.995
118.4696634971903,787315341.995,787315461.995
104.5942114173137,787315461.995,787315581.995
