expt,t0,t1
112.0162820616011,770153409.99,770153529.99
119.0177575255613,770153529.99,770153649.99
119.0185865124309,770153649.99,770153769.99
118.9995572525466,770153769.99,770153889.99
118.9852291504584,770153889.99,770154009.99
118.9516845979023,770154009.99,770154129.99
118.8926393395766,770154129.99,770154249.99
111.7609533107356,770154249.99,770154369.99
6.87964380563142,770154369.99,770154489.99
