expt,t0,t1
103.3188024347385,770153409.99,770153529.99
110.3233451640338,770153529.99,770153649.99
110.2755865019912,770153649.99,770153769.99
110.1832726057856,770153769.99,770153889.99
110.063484670824,770153889.99,770154009.99
109.8554251265064,770154009.99,770154129.99
109.5478228610319,770154129.99,770154249.99
102.1192779048047,770154249.99,770154369.99
6.068753944540506,770154369.99,770154489.99
