expt,t0,t1
109.8877991259186,821160003.995,821160123.995
118.977992897332,821160123.995,821160243.995
119.042814322233,821160243.995,821160363.995
119.0961262004025,821160363.995,821160483.995
119.128397856991,821160483.995,821160603.995
119.1551233240067,821160603.995,821160723.995
119.1659643329402,821160723.995,821160843.995
119.1666596122502,821160843.995,821160963.995
79.44407338694619,821160963.995,821161083.995
