expt,t0,t1
108.050339519535,762033576.99,762033696.99
119.000466463952,762033696.99,762033816.99
119.0187576581072,762033816.99,762033936.99
119.0297751610194,762033936.99,762034056.99
119.0345939814679,762034056.99,762034176.99
119.044162094434,762034176.99,762034296.99
119.0389154097947,762034296.99,762034416.99
119.0391881732163,762034416.99,762034536.99
119.0350806769849,762034536.99,762034656.99
63.99678482109876,762034656.99,762034776.99
