expt,t0,t1
102.8631233154071,810611118.994,810611238.994
109.8213471845821,810611238.994,810611358.994
109.7322198264782,810611358.994,810611478.994
109.6004626688945,810611478.994,810611598.994
109.3964623012046,810611598.994,810611718.994
109.0852287334765,810611718.994,810611838.994
36.008540121932,810611838.994,810611958.994
