expt,t0,t1
111.0131793787201,917926724.995,917926844.995
119.0750111025882,917926844.995,917926964.995
119.1085770483538,917926964.995,917927084.995
119.1331792393228,917927084.995,917927204.995
119.1491546185455,917927204.995,917927324.995
119.1616482529159,917927324.995,917927444.995
119.1687561467849,917927444.995,917927564.995
119.1645363362035,917927564.995,917927684.995
13.99986242329961,917927684.995,917927804.995
