expt,t0,t1
112.783162268075,766442620.99,766442740.99
118.7817476379349,766442740.99,766442860.99
118.8020444454844,766442860.99,766442980.99
118.8000013939734,766442980.99,766443100.99
118.8065477160921,766443100.99,766443220.99
118.7940166436051,766443220.99,766443340.99
118.7885667234752,766443340.99,766443460.99
118.7662001229029,766443460.99,766443580.99
118.7506793493829,766443580.99,766443700.99
46.48900514277693,766443700.99,766443820.99
