expt,t0,t1
100.5673863726463,766442620.99,766442740.99
106.6753107704167,766442740.99,766442860.99
106.703178903991,766442860.99,766442980.99
106.6989283098802,766442980.99,766443100.99
106.6662184399677,766443100.99,766443220.99
106.5901299904209,766443220.99,766443340.99
106.4962734944983,766443340.99,766443460.99
106.3343117840608,766443460.99,766443580.99
106.1021392667941,766443580.99,766443700.99
41.11258936094593,766443700.99,766443820.99
