expt,t0,t1
81.82972726694571,740417836.995,740417956.995
118.7749232040922,740417956.995,740418076.995
118.8168325015777,740418076.995,740418196.995
118.8461305020404,740418196.995,740418316.995
118.8621219261703,740418316.995,740418436.995
118.8776320030855,740418436.995,740418556.995
118.8810014335878,740418556.995,740418676.995
41.73767346881382,740418676.995,740418796.995
