expt,t0,t1
92.7304400381638,849252714.995,849252834.995
118.7780412643824,849252834.995,849252954.995
118.8170571302778,849252954.995,849253074.995
118.8476387233128,849253074.995,849253194.995
118.8657266819775,849253194.995,849253314.995
118.8733640577826,849253314.995,849253434.995
18.83033714676891,849253434.995,849253554.995
