expt,t0,t1
80.46261718053776,849252714.995,849252834.995
106.8875252001035,849252834.995,849252954.995
107.1032527035985,849252954.995,849253074.995
107.2969108972729,849253074.995,849253194.995
107.3959018856844,849253194.995,849253314.995
107.4532257919578,849253314.995,849253434.995
16.77165778850705,849253434.995,849253554.995
