expt,t0,t1
78.02238129941877,813260964.035,813261084.035
107.9669780560928,813261084.035,813261204.035
119.0755833709433,813261204.035,813261324.035
119.0968107831077,813261324.035,813261444.035
115.1038137134229,813261444.035,813261564.035
111.0681838629068,813261564.035,813261684.035
119.1095718325973,813261684.035,813261804.035
29.98675120001014,813261804.035,813261924.035
