expt,t0,t1
45.18502579011153,812130938.01,812131058.01
18.64396136359944,812131058.01,812131178.01
28.6156150892674,812131298.01,812131418.01
88.73102777476323,812131418.01,812131538.01
71.21419586381414,812131538.01,812131658.01
99.33241701391039,812131658.01,812131778.01
93.18514246091341,812132018.01,812132138.01
111.0571381642774,812132138.01,812132258.01
84.27071085177967,812132258.01,812132378.01
27.96453637103609,812132378.01,812132498.01
