expt,t0,t1
84.47032668668601,741223376.995,741223496.995
118.387759594473,741223496.995,741223616.995
118.4251495764435,741223616.995,741223736.995
118.446906470544,741223736.995,741223856.995
118.4516504147591,741223856.995,741223976.995
118.4403975865419,741223976.995,741224096.995
107.3277080519541,741224096.995,741224216.995
