expt,t0,t1
108.6676588131117,866439428.995,866439548.995
117.7255167483081,866439548.995,866439668.995
117.7592003567261,866439668.995,866439788.995
117.7828184600564,866439788.995,866439908.995
117.8060621822197,866439908.995,866440028.995
100.1155784703217,866440028.995,866440148.995
