expt,t0,t1
102.3944912061473,814131572.99,814131692.99
109.4498734089257,814131692.99,814131812.99
109.444046435542,814131812.99,814131932.99
109.4059318366939,814131932.99,814132052.99
109.3313127978265,814132052.99,814132172.99
109.1859199595323,814132172.99,814132292.99
109.0024969712797,814132292.99,814132412.99
98.5679104369093,814132412.99,814132532.99
