expt,t0,t1
107.1700310369275,845951598.99,845951718.99
115.2340154649836,845951718.99,845951838.99
119.2291705705211,845951838.99,845951958.99
111.2933956721844,845951958.99,845952078.99
111.2567738349446,845952078.99,845952198.99
115.2221736560062,845952198.99,845952318.99
111.1174612294748,845952318.99,845952438.99
119.1729278226449,845952438.99,845952558.99
72.42236717003091,845952558.99,845952678.99
