expt,t0,t1
110.0631378712944,893227785.995,893227905.995
119.0990303285973,893227905.995,893228025.995
119.1192415633086,893228025.995,893228145.995
119.1340510126115,893228145.995,893228265.995
119.1488604619143,893228265.995,893228385.995
119.1542622473227,893228385.995,893228505.995
119.156545972441,893228505.995,893228625.995
94.30502219743292,893228625.995,893228745.995
