expt,t0,t1
107.7322972340871,893453614.99,893453734.99
114.7174724073751,893453734.99,893453854.99
118.7157388899045,893453854.99,893453974.99
118.6990949728837,893453974.99,893454094.99
118.6625874608066,893454094.99,893454214.99
56.29850249761685,893454214.99,893454334.99
