expt,t0,t1
103.0966092457537,832024201.99,832024321.99
110.9941789935379,832024321.99,832024441.99
110.8301229506379,832024441.99,832024561.99
110.6191302148876,832024561.99,832024681.99
110.2771178418563,832024681.99,832024801.99
64.82975566492878,832024801.99,832024921.99
