expt,t0,t1
99.57167814592492,878437374.995,878437494.995
108.8689776468659,878437494.995,878437614.995
109.0756128199119,878437614.995,878437734.995
109.2134502975481,878437734.995,878437854.995
109.2978372579815,878437854.995,878437974.995
109.3432088314108,878437974.995,878438094.995
109.3824325256759,878438094.995,878438214.995
109.3604082552632,878438214.995,878438334.995
105.0386292152185,878438334.995,878438454.995
7.043002042166482,878438454.995,878438574.995
