expt,t0,t1
95.85302706305474,746171535.995,746171655.995
103.1621187338175,746171655.995,746171775.995
103.3709383181416,746171775.995,746171895.995
103.5187914340866,746171895.995,746172015.995
103.6494563860313,746172015.995,746172135.995
93.82220379270369,746172135.995,746172255.995
103.7639690803547,746172255.995,746172375.995
103.797163123901,746172375.995,746172495.995
53.3394166931865,746172495.995,746172615.995
