expt,t0,t1
111.2285499940931,746171535.995,746171655.995
118.2677543855679,746171655.995,746171775.995
118.3070644080945,746171775.995,746171895.995
118.3230397873173,746171895.995,746172015.995
118.3375978664081,746172015.995,746172135.995
58.82124676270373,746172135.995,746172255.995
