expt,t0,t1
101.9145499994503,856659694.995,856659814.995
118.943266369949,856659814.995,856659934.995
118.9710294076273,856659934.995,856660054.995
118.9842771526339,856660054.995,856660174.995
118.9670770121651,856660174.995,856660294.995
99.08965822785376,856660294.995,856660414.995
