expt,t0,t1
99.17410293133669,792628794.99,792628914.99
105.2688764429967,792628914.99,792629034.99
105.2971386713891,792629034.99,792629154.99
105.2922012263094,792629154.99,792629274.99
105.2519641453689,792629274.99,792629394.99
105.1757405775987,792629394.99,792629514.99
105.0743512407221,792629514.99,792629634.99
100.9192405292295,792629634.99,792629754.99
100.6873382484096,792629754.99,792629874.99
15.29808592626733,792629874.99,792629994.99
