expt,t0,t1
110.8909927299401,836780990.99,836781110.99
118.8802205814396,836781110.99,836781230.99
118.8662829054255,836781230.99,836781350.99
118.8280692848877,836781350.99,836781470.99
118.7598623845772,836781470.99,836781590.99
118.6641972998244,836781590.99,836781710.99
58.30507435377971,836781710.99,836781830.99
