expt,t0,t1
101.7165117120428,845584628.99,845584748.99
109.8058874078559,845584748.99,845584868.99
109.8662176945997,845584868.99,845584988.99
109.8657898202257,845584988.99,845585108.99
109.8600472957316,845585108.99,845585228.99
109.8096819779628,845585228.99,845585348.99
109.7312008098767,845585348.99,845585468.99
109.6027146392843,845585468.99,845585588.99
109.3979654914398,845585588.99,845585708.99
109.1031262681498,845585708.99,845585828.99
23.4009390438974,845585828.99,845585948.99
