expt,t0,t1
100.6805265137518,849211782.99,849211902.99
108.7156409830216,849211902.99,849212022.99
108.7045162492958,849212022.99,849212142.99
108.6536611279671,849212142.99,849212262.99
108.5720609808912,849212262.99,849212382.99
108.4099303726745,849212382.99,849212502.99
28.67478556176681,849212502.99,849212622.99
