expt,t0,t1
99.85301007468837,774165086.995,774165206.995
106.3955822684425,774165206.995,774165326.995
106.7654121057143,774165326.995,774165446.995
107.0320848093534,774165446.995,774165566.995
107.2151756319736,774165566.995,774165686.995
107.3569484278661,774165686.995,774165806.995
2.464295032772185,774165806.995,774165926.995
