expt,t0,t1
89.66749050573794,864374947.995,864375067.995
115.874421158286,864375067.995,864375187.995
115.8831442394753,864375187.995,864375307.995
115.8839999678568,864375307.995,864375427.995
115.8984885190166,864375427.995,864375547.995
115.8848984826574,864375547.995,864375667.995
115.8660189752399,864375667.995,864375787.995
115.8377585454398,864375787.995,864375907.995
109.7549026282603,864375907.995,864376027.995
76.1586501785672,864376027.995,864376147.995
