expt,t0,t1
86.45059145088693,740785061.995,740785181.995
118.3963168782883,740785181.995,740785301.995
118.4309685294379,740785301.995,740785421.995
118.4415956062761,740785421.995,740785541.995
118.4419058078144,740785541.995,740785661.995
118.4417721002548,740785661.995,740785781.995
114.3980523982527,740785781.995,740785901.995
118.3643928613548,740785901.995,740786021.995
86.78503140476394,740786021.995,740786141.995
