expt,t0,t1
96.47671837631222,762649206.99,762649326.99
103.5349099121519,762649326.99,762649446.99
103.545544842318,762649446.99,762649566.99
95.56229134699734,762649566.99,762649686.99
103.4875003055198,762649686.99,762649806.99
103.395901409913,762649806.99,762649926.99
97.25334543334378,762649926.99,762650046.99
103.0760484255177,762650046.99,762650166.99
102.7618929262087,762650166.99,762650286.99
42.38781086929177,762650286.99,762650406.99
