expt,t0,t1
113.4741933817819,772100153.995,772100273.995
114.6108675101009,772100273.995,772100393.995
118.5250184268706,772100393.995,772100513.995
118.5082461505926,772100513.995,772100633.995
118.4866229640518,772100633.995,772100753.995
118.4348727901787,772100753.995,772100873.995
114.3486754164331,772100873.995,772100993.995
118.2532604861057,772100993.995,772101113.995
118.1158679461485,772101113.995,772101233.995
74.60172042554282,772101233.995,772101353.995
