expt,t0,t1
85.5242696645368,741205613.995,741205733.995
118.4598226208027,741205733.995,741205853.995
118.4821838730726,741205853.995,741205973.995
118.4867941097281,741205973.995,741206093.995
118.4828524108707,741206093.995,741206213.995
118.4617480096612,741206213.995,741206333.995
118.4312519894643,741206333.995,741206453.995
63.26622997522263,741206453.995,741206573.995
