expt,t0,t1
110.9724527235596,876001002.99,876001122.99
118.9777094373056,876001122.99,876001242.99
118.9748801853442,876001242.99,876001362.99
118.9619212486664,876001362.99,876001482.99
118.9371372154163,876001482.99,876001602.99
118.9034750002078,876001602.99,876001722.99
74.30528160257681,876001722.99,876001842.99
