expt,t0,t1
99.21665501396632,930474507.995,930474627.995
108.3876809052229,930474627.995,930474747.995
108.5159812882582,930474747.995,930474867.995
108.6061895921492,930474867.995,930474987.995
108.6280055553008,930474987.995,930475107.995
108.5750898810656,930475107.995,930475227.995
108.4692022333352,930475227.995,930475347.995
108.2793554995455,930475347.995,930475467.995
108.0101436992918,930475467.995,930475587.995
68.87121387082176,930475587.995,930475707.995
