expt,t0,t1
108.7139965049717,912809513.995,912809633.995
117.7819573833724,912809633.995,912809753.995
117.8228825932192,912809753.995,912809873.995
117.8467574150639,912809873.995,912809993.995
117.8652946311288,912809993.995,912810113.995
117.8762639993196,912810113.995,912810233.995
117.8830242535337,912810233.995,912810353.995
117.8839655547534,912810353.995,912810473.995
29.40901513728723,912810473.995,912810593.995
