expt,t0,t1
110.1992628635866,874367149.995,874367269.995
119.2217364302065,874367269.995,874367389.995
119.236331947414,874367389.995,874367509.995
119.1989740552578,874367509.995,874367629.995
119.1582360359945,874367629.995,874367749.995
119.1911120507525,874367749.995,874367869.995
119.2372197656099,874367869.995,874367989.995
119.2531363135064,874367989.995,874368109.995
53.70437672652733,874368109.995,874368229.995
