expt,t0,t1
110.8026227296398,818539753.99,818539873.99
118.8216245805143,818539873.99,818539993.99
118.8341663496061,818539993.99,818540113.99
118.8307808741967,818540113.99,818540233.99
118.8069969734925,818540233.99,818540353.99
118.7746236991587,818540353.99,818540473.99
118.7281255582272,818540473.99,818540593.99
58.345534261319,818540593.99,818540713.99
