expt,t0,t1
102.4984365294165,770064502.99,770064622.99
109.5813884796925,770064622.99,770064742.99
109.642456286739,770064742.99,770064862.99
109.6048765308586,770064862.99,770064982.99
109.5680286653547,770064982.99,770065102.99
109.4649334609078,770065102.99,770065222.99
109.2871572884077,770065222.99,770065342.99
105.0287036557253,770065342.99,770065462.99
108.6631081437525,770065462.99,770065582.99
34.12807471022482,770065582.99,770065702.99
