expt,t0,t1
97.84732752864484,891571406.995,891571526.995
103.3913716581734,891571526.995,891571646.995
107.70902710854,891571646.995,891571766.995
107.9709031152488,891571766.995,891571886.995
108.1394349492986,891571886.995,891572006.995
108.2300035684521,891572006.995,891572126.995
108.1910219610039,891572126.995,891572246.995
60.81997462598826,891572246.995,891572366.995
