expt,t0,t1
103.5803900732902,814930568.99,814930688.99
110.5454907831398,814930688.99,814930808.99
110.4734221007388,814930808.99,814930928.99
110.3688800053164,814930928.99,814931048.99
110.2073855787349,814931048.99,814931168.99
109.9786416863867,814931168.99,814931288.99
80.23638838027877,814931288.99,814931408.99
