expt,t0,t1
85.53442074246273,741128633.995,741128753.995
118.4630369505359,741128753.995,741128873.995
118.4894094295942,741128873.995,741128993.995
118.5015233344952,741128993.995,741129113.995
118.5156482010929,741129113.995,741129233.995
118.4907572017951,741129233.995,741129353.995
118.4478691649732,741129353.995,741129473.995
118.3927709538073,741129473.995,741129593.995
118.3235585726486,741129593.995,741129713.995
42.34321041977348,741129713.995,741129833.995
