expt,t0,t1
100.6204508622154,889300155.99,889300275.99
107.7167682567551,889300275.99,889300395.99
107.7696951908424,889300395.99,889300515.99
107.7740246039168,889300515.99,889300635.99
107.7852112668284,889300635.99,889300755.99
99.72505426585737,889300755.99,889300875.99
107.636969685991,889300875.99,889300995.99
107.5678004154671,889300995.99,889301115.99
107.4405077891812,889301115.99,889301235.99
96.28524440211493,889301235.99,889301355.99
