expt,t0,t1
79.59047732978229,907101311.99,907101431.99
98.26378922103888,907101431.99,907101551.99
86.00646326255861,907101551.99,907101671.99
83.87320681867274,907101671.99,907101791.99
85.89175206135063,907101791.99,907101911.99
85.69923240541839,907101911.99,907102031.99
96.95812864309659,907102031.99,907102151.99
107.8730097265105,907102151.99,907102271.99
86.82924578388419,907102271.99,907102391.99
54.41869568381259,907102391.99,907102511.99
