expt,t0,t1
100.010325813034,784071872.99,784071992.99
102.1634716803615,784071992.99,784072112.99
106.2268533869836,784072112.99,784072232.99
106.2476615933857,784072232.99,784072352.99
106.2581276257725,784072352.99,784072472.99
106.2533421886941,784072472.99,784072592.99
102.1879668673108,784072592.99,784072712.99
106.1096326982663,784072712.99,784072832.99
105.9720598271508,784072832.99,784072952.99
105.783142031147,784072952.99,784073072.99
62.20955181169645,784073072.99,784073192.99
