expt,t0,t1
96.78270919441938,841182776.99,841182896.99
104.8313242261763,841182896.99,841183016.99
104.8550093247515,841183016.99,841183136.99
104.838474232164,841183136.99,841183256.99
104.790377774563,841183256.99,841183376.99
104.7499380162874,841183376.99,841183496.99
104.6252576756538,841183496.99,841183616.99
104.5123945496408,841183616.99,841183736.99
94.4787206738481,841183736.99,841183856.99
