expt,t0,t1
36.70967351510667,811575129.97,811575249.97
118.847932879944,811575249.97,811575369.97
118.8602339754285,811575369.97,811575489.97
103.1688960226294,811575489.97,811575609.97
94.16256266845792,811575849.97,811575969.97
118.846125153738,811575969.97,811576089.97
118.8305829870085,811576089.97,811576209.97
46.86952045000323,811576209.97,811576329.97
