expt,t0,t1
106.1729005178303,803025208.995,803025328.995
107.2930600279063,803025328.995,803025448.995
103.3441453552337,803025448.995,803025568.995
107.4096670546923,803025568.995,803025688.995
107.4305991194659,803025688.995,803025808.995
107.3355321894587,803025808.995,803025928.995
107.1349885963173,803025928.995,803026048.995
106.8863823251307,803026048.995,803026168.995
41.54739918285048,803026168.995,803026288.995
