expt,t0,t1
109.4399964638631,818261209.995,818261329.995
118.474428834615,818261329.995,818261449.995
118.5007531789518,818261449.995,818261569.995
118.5120380969833,818261569.995,818261689.995
118.5216222548565,818261689.995,818261809.995
114.4322974425742,818261809.995,818261929.995
118.5174505789965,818261929.995,818262049.995
118.4980897243643,818262049.995,818262169.995
114.5585230071651,818262169.995,818262289.995
44.34029224084655,818262289.995,818262409.995
