expt,t0,t1
94.41875685467035,837478472.99,837478592.99
108.708232000439,837478592.99,837478712.99
108.9194837127841,837478712.99,837478832.99
109.0791653032018,837478832.99,837478952.99
109.1237036475869,837478952.99,837479072.99
109.171135773923,837479072.99,837479192.99
109.1289507385953,837479192.99,837479312.99
109.0476714972999,837479312.99,837479432.99
108.8947007786439,837479432.99,837479552.99
108.6122642822758,837479552.99,837479672.99
90.01319817201878,837479672.99,837479792.99
