expt,t0,t1
112.9996809309994,773958959.99,773959079.99
119.0022260554365,773959079.99,773959199.99
118.9604076790915,773959199.99,773959319.99
118.9228518997471,773959319.99,773959439.99
118.8711605572002,773959439.99,773959559.99
118.787325917322,773959559.99,773959679.99
5.899752087601518,773959679.99,773959799.99
