expt,t0,t1
96.16571367943799,856156864.995,856156984.995
105.4396658773623,856156984.995,856157104.995
105.6214392973043,856157104.995,856157224.995
105.7418408941973,856157224.995,856157344.995
105.8301969524427,856157344.995,856157464.995
105.9082840257105,856157464.995,856157584.995
105.9451487809922,856157584.995,856157704.995
105.9641891906384,856157704.995,856157824.995
105.9559244593076,856157824.995,856157944.995
78.32011425409684,856157944.995,856158064.995
