expt,t0,t1
63.10122048137078,837561352.99,837561472.99
70.09323782607461,837561472.99,837561592.99
72.81057485398668,837561592.99,837561712.99
72.73438696541945,837561712.99,837561832.99
72.71078817863241,837561832.99,837561952.99
63.86402350380923,837561952.99,837562072.99
72.22154069297461,837562072.99,837562192.99
65.1653202521922,837562192.99,837562312.99
63.07236454442548,837562312.99,837562432.99
63.94906916558163,837562432.99,837562552.99
32.7754769796236,837562552.99,837562672.99
