expt,t0,t1
99.43795872125334,813740408.995,813740528.995
106.7538932771703,813740528.995,813740648.995
106.9656404230012,813740648.995,813740768.995
107.1303551672402,813740768.995,813740888.995
107.221295361508,813740888.995,813741008.995
107.3061439758713,813741008.995,813741128.995
103.3425520861829,813741128.995,813741248.995
84.76153985998772,813741248.995,813741368.995
