expt,t0,t1
99.73485668115786,744579362.99,744579482.99
105.9279943965476,744579482.99,744579602.99
106.0443368168128,744579602.99,744579722.99
106.1178692799672,744579722.99,744579842.99
106.1264267674485,744579842.99,744579962.99
106.0781670419942,744579962.99,744580082.99
105.9775377451241,744580082.99,744580202.99
105.7845945520484,744580202.99,744580322.99
105.5036443561377,744580322.99,744580442.99
105.073484232122,744580442.99,744580562.99
14.44023029727417,744580562.99,744580682.99
