expt,t0,t1
56.02957945554621,907107315.99,907107435.99
74.11789427815985,907107435.99,907107555.99
71.02651060290279,907107555.99,907107675.99
73.94255900966802,907107675.99,907107795.99
102.9455584770498,907107795.99,907107915.99
67.76506242933772,907107915.99,907108035.99
70.58040648729663,907108035.99,907108155.99
70.51909659343319,907108155.99,907108275.99
75.93461566526523,907108275.99,907108395.99
