expt,t0,t1
102.47092179264,845159177.99,845159297.99
106.3912896357904,845159297.99,845159417.99
110.29891691523,845159417.99,845159537.99
110.150821712468,845159537.99,845159657.99
109.9075075716975,845159657.99,845159777.99
71.08897873994704,845159777.99,845159897.99
