expt,t0,t1
111.7252789346815,769590517.995,769590637.995
114.6869242308315,769590637.995,769590757.995
118.7907862689648,769590757.995,769590877.995
118.811607210148,769590877.995,769590997.995
118.8301283813057,769590997.995,769591117.995
118.8486388558588,769591117.995,769591237.995
118.8576347004696,769591237.995,769591357.995
118.866373826566,769591357.995,769591477.995
47.52242935436993,769591477.995,769591597.995
