expt,t0,t1
65.48922354760309,852098032.995,852098152.995
92.52182768637259,852098152.995,852098272.995
74.49757705128356,852098272.995,852098392.995
76.18664812948785,852098392.995,852098512.995
75.3811590450585,852098512.995,852098632.995
75.42874496431547,852098632.995,852098752.995
79.47465701063837,852098752.995,852098872.995
92.40834774250946,852098872.995,852098992.995
79.21176761725417,852098992.995,852099112.995
38.19536186776947,852099112.995,852099232.995
