expt,t0,t1
113.6861622460668,786337587.995,786337707.995
118.7141611407011,786337707.995,786337827.995
118.794877720289,786337827.995,786337947.995
118.8445901909536,786337947.995,786338067.995
118.8788995507507,786338067.995,786338187.995
80.22881356925721,786338187.995,786338307.995
