expt,t0,t1
78.49176598401937,790479926.995,790480046.995
104.9797515945708,790480046.995,790480166.995
105.373671885088,790480166.995,790480286.995
105.6876415968398,790480286.995,790480406.995
105.856742053413,790480406.995,790480526.995
105.9591841864469,790480526.995,790480646.995
105.9762597519279,790480646.995,790480766.995
105.8324095133508,790480766.995,790480886.995
64.8941654386925,790480886.995,790481006.995
