expt,t0,t1
110.0523503453847,893570861.995,893570981.995
112.9788526140636,893570981.995,893571101.995
119.1165941536282,893571101.995,893571221.995
115.1246440162149,893571221.995,893571341.995
119.1450952570356,893571341.995,893571461.995
119.1525347456525,893571461.995,893571581.995
119.1223542752964,893571581.995,893571701.995
112.8109378690051,893571701.995,893571821.995
1.973863513744541,893571821.995,893571941.995
