expt,t0,t1
110.6801382317175,746692269.995,746692389.995
100.8587442581992,746692389.995,746692509.995
116.8370193180661,746692509.995,746692629.995
116.872243237571,746692629.995,746692749.995
113.6429318061904,746692749.995,746692869.995
116.2369878552703,746692869.995,746692989.995
110.5052562020108,746692989.995,746693109.995
115.2395644020238,746693109.995,746693229.995
74.93585143867998,746693229.995,746693349.995
