expt,t0,t1
107.637132870627,841372467.99,841372587.99
118.6989505687193,841372587.99,841372707.99
118.6899654207132,841372707.99,841372827.99
118.6786109747508,841372827.99,841372947.99
114.6782166628983,841372947.99,841373067.99
71.10207271762806,841373067.99,841373187.99
