expt,t0,t1
102.1337974838932,867350952.99,867351072.99
109.2274913329288,867351072.99,867351192.99
109.2757904678649,867351192.99,867351312.99
109.2743435768895,867351312.99,867351432.99
109.2416900062368,867351432.99,867351552.99
109.1640251774171,867351552.99,867351672.99
109.0362483774974,867351672.99,867351792.99
108.8400792368383,867351792.99,867351912.99
108.5555315182298,867351912.99,867352032.99
57.88274267067913,867352032.99,867352152.99
