expt,t0,t1
85.24952038031292,818083599.995,818083719.995
96.50827492416703,818083719.995,818083839.995
98.67232595810725,818083839.995,818083959.995
98.76067075650076,818083959.995,818084079.995
98.82758242670894,818084079.995,818084199.995
94.81520722845057,818084199.995,818084319.995
98.74728279253314,818084319.995,818084439.995
98.58053564501728,818084439.995,818084559.995
98.38993450114701,818084559.995,818084679.995
9.275053278139044,818084679.995,818084799.995
