expt,t0,t1
100.0921148005159,911070888.99,911071008.99
108.1999453936737,911071008.99,911071128.99
108.263952022079,911071128.99,911071248.99
108.2966506321395,911071248.99,911071368.99
108.3191984856678,911071368.99,911071488.99
108.2899735399336,911071488.99,911071608.99
108.242670901895,911071608.99,911071728.99
108.177938013039,911071728.99,911071848.99
108.0460907766396,911071848.99,911071968.99
53.75658662186773,911071968.99,911072088.99
