expt,t0,t1
110.936175188485,911070888.99,911071008.99
118.9584341555116,911071008.99,911071128.99
118.973013627812,911071128.99,911071248.99
118.9807633179672,911071248.99,911071368.99
118.9844536466126,911071368.99,911071488.99
118.9858174637207,911071488.99,911071608.99
118.9784154132204,911071608.99,911071728.99
118.9674406967272,911071728.99,911071848.99
118.9544710634447,911071848.99,911071968.99
59.45387816021302,911071968.99,911072088.99
