expt,t0,t1
112.4669420146214,777266141.995,777266261.995
114.5013222373453,777266261.995,777266381.995
118.4600472495029,777266381.995,777266501.995
118.4745037108484,777266501.995,777266621.995
118.4938592171781,777266621.995,777266741.995
44.41908745320137,777266741.995,777266861.995
