expt,t0,t1
64.87198289833195,922517466.995,922517586.995
84.98223876109789,922517586.995,922517706.995
70.79683214821868,922517706.995,922517826.995
69.9830049829813,922517826.995,922517946.995
73.96681211517634,922517946.995,922518066.995
73.94059917983857,922518066.995,922518186.995
95.75241890413737,922518186.995,922518306.995
83.78579935620701,922518306.995,922518426.995
73.73631168592404,922518426.995,922518546.995
29.12352639760978,922518546.995,922518666.995
