expt,t0,t1
109.3317040371803,839916076.995,839916196.995
114.3535585357195,839916196.995,839916316.995
118.3856470150311,839916316.995,839916436.995
118.4019165508849,839916436.995,839916556.995
114.3707832876783,839916556.995,839916676.995
118.4200365993639,839916676.995,839916796.995
75.89454733189442,839916796.995,839916916.995
