expt,t0,t1
89.24916955521648,765009995.995,765010115.995
96.55796221893635,765010115.995,765010235.995
96.78830501026137,765010235.995,765010355.995
96.94224407618499,765010355.995,765010475.995
97.06540433680547,765010475.995,765010595.995
97.17856584889505,765010595.995,765010715.995
97.19875476343998,765010715.995,765010835.995
71.7058126126095,765010835.995,765010955.995
