expt,t0,t1
110.3841603228151,771780418.995,771780538.995
118.3465134864831,771780538.995,771780658.995
118.4008843285247,771780658.995,771780778.995
118.4164692816734,771780778.995,771780898.995
118.4144690165815,771780898.995,771781018.995
118.3852298474451,771781018.995,771781138.995
118.3573491471143,771781138.995,771781258.995
118.3287999089855,771781258.995,771781378.995
116.2709860952041,771781378.995,771781498.995
0.9654506340936082,771781498.995,771781618.995
