expt,t0,t1
98.63168323210716,771780418.995,771780538.995
106.7971648882111,771780538.995,771780658.995
106.9785273235571,771780658.995,771780778.995
107.0488788785357,771780778.995,771780898.995
107.1105096781797,771780898.995,771781018.995
107.0444368669417,771781018.995,771781138.995
106.9464705250576,771781138.995,771781258.995
106.8001487489776,771781258.995,771781378.995
105.5638432450793,771781378.995,771781498.995
