expt,t0,t1
77.94206863712421,775869645.99,775869765.99
105.1837069228528,775869765.99,775869885.99
105.3215162508592,775869885.99,775870005.99
101.4060777389978,775870005.99,775870125.99
105.3873526052062,775870125.99,775870245.99
105.3498798179193,775870245.99,775870365.99
105.2321299161604,775870365.99,775870485.99
105.1039590214225,775870485.99,775870605.99
104.8284079245214,775870605.99,775870725.99
100.5433141030934,775870725.99,775870845.99
