expt,t0,t1
97.40017132568424,849921981.99,849922101.99
105.4146521162571,849922101.99,849922221.99
105.3746627520595,849922221.99,849922341.99
105.2699742785617,849922341.99,849922461.99
105.1152470230016,849922461.99,849922581.99
104.8406248638863,849922581.99,849922701.99
51.47939917261909,849922701.99,849922821.99
