expt,t0,t1
106.7834671213109,818450876.99,818450996.99
118.7865664583834,818450996.99,818451116.99
118.7991510138943,818451116.99,818451236.99
118.8035954531759,818451236.99,818451356.99
118.7910643806888,818451356.99,818451476.99
118.7770678733484,818451476.99,818451596.99
118.7380894455696,818451596.99,818451716.99
117.7020559299109,818451716.99,818451836.99
0.0,818451836.99,818451956.99
