expt,t0,t1
95.39436112209675,849720156.995,849720276.995
97.46928282021044,849720276.995,849720396.995
93.65539265078466,849720396.995,849720516.995
86.88377602001401,849720516.995,849720636.995
85.92601825556208,849720636.995,849720756.995
84.87956689771856,849720756.995,849720876.995
84.87427341335372,849720876.995,849720996.995
85.65330467451395,849720996.995,849721116.995
84.8051544957992,849721116.995,849721236.995
69.91541093196852,849721236.995,849721356.995
