expt,t0,t1
110.5577079185431,840484847.99,840484967.99
118.5656762215982,840484967.99,840485087.99
118.569136573241,840485087.99,840485207.99
114.5601520927328,840485207.99,840485327.99
118.5533644295089,840485327.99,840485447.99
118.5387742606038,840485447.99,840485567.99
118.504496990621,840485567.99,840485687.99
71.09320670311725,840485687.99,840485807.99
