expt,t0,t1
97.45337975607022,840484847.99,840484967.99
105.4531157705156,840484967.99,840485087.99
105.4471424190566,840485087.99,840485207.99
101.4019391224403,840485207.99,840485327.99
105.3652607756819,840485327.99,840485447.99
105.2275753060469,840485447.99,840485567.99
105.0644538308587,840485567.99,840485687.99
62.65989650886974,840485687.99,840485807.99
