expt,t0,t1
110.0402578336932,827301835.995,827301955.995
119.0685075668885,827301955.995,827302075.995
119.0777922198281,827302075.995,827302195.995
119.0965433679885,827302195.995,827302315.995
119.1063093681427,827302315.995,827302435.995
31.86852817494816,827302435.995,827302555.995
