expt,t0,t1
102.766295331144,744071002.99,744071122.99
108.7245925653212,744071122.99,744071242.99
104.5940908812298,744071242.99,744071362.99
108.4110507279434,744071362.99,744071482.99
104.1830343379783,744071482.99,744071602.99
107.8268501993366,744071602.99,744071722.99
22.09320729012547,744071722.99,744071842.99
