expt,t0,t1
114.0525015853319,766531381.99,766531501.99
118.9350674223934,766531501.99,766531621.99
118.9429026853868,766531621.99,766531741.99
118.9219480366441,766531741.99,766531861.99
118.9028706420383,766531861.99,766531981.99
114.8329421283299,766531981.99,766532101.99
118.8090667665153,766532101.99,766532221.99
118.7251679470085,766532221.99,766532341.99
118.6036384719239,766532341.99,766532461.99
30.56293271582624,766532461.99,766532581.99
