expt,t0,t1
106.977067884191,802415410.995,802415530.995
108.134030220363,802415530.995,802415650.995
108.2482276388319,802415650.995,802415770.995
108.2653595035726,802415770.995,802415890.995
108.2271660857609,802415890.995,802416010.995
108.1217457218864,802416010.995,802416130.995
107.9353557626451,802416130.995,802416250.995
107.6497890274352,802416250.995,802416370.995
40.95859771618371,802416370.995,802416490.995
