expt,t0,t1
76.92249304163832,813929811.39,813929931.39
118.9590117721692,813929931.39,813930051.39
118.9700560165933,813930051.39,813930171.39
118.9879728295816,813930171.39,813930291.39
118.9885718394487,813930291.39,813930411.39
118.994348006024,813930411.39,813930531.39
118.988047705815,813930531.39,813930651.39
118.981816933537,813930651.39,813930771.39
118.9756235993756,813930771.39,813930891.39
92.40801474478408,813930891.39,813931011.39
