expt,t0,t1
109.8471627244006,909289462.995,909289582.995
118.9154070628277,909289582.995,909289702.995
118.9502138147466,909289702.995,909289822.995
118.9737142554244,909289822.995,909289942.995
118.9912192491291,909289942.995,909290062.995
115.0227608666015,909290062.995,909290182.995
119.00588964257,909290182.995,909290302.995
117.0243185575913,909290302.995,909290422.995
2.970451296823183,909290422.995,909290542.995
