expt,t0,t1
98.62486534514565,909289462.995,909289582.995
107.9177397242706,909289582.995,909289702.995
108.1142016210804,909289702.995,909289822.995
108.2425357836716,909289822.995,909289942.995
108.3300417230949,909289942.995,909290062.995
104.4007586022957,909290062.995,909290182.995
108.4571485618235,909290182.995,909290302.995
108.4733064493706,909290302.995,909290422.995
0.7066408262750532,909290422.995,909290542.995
