expt,t0,t1
95.86854509515183,744147611.99,744147731.99
100.9292281631032,744147731.99,744147851.99
100.9226805591947,744147851.99,744147971.99
100.8815820995801,744147971.99,744148091.99
100.792927655258,744148091.99,744148211.99
100.6215358188131,744148211.99,744148331.99
100.3902584597763,744148331.99,744148451.99
100.0478238422969,744148451.99,744148571.99
89.95863326646855,744148571.99,744148691.99
