expt,t0,t1
110.3859204459506,910810577.99,910810697.99
118.4161269903207,910810697.99,910810817.99
118.4318723925409,910810817.99,910810937.99
118.4355145864648,910810937.99,910811057.99
118.4317868197028,910811057.99,910811177.99
118.4361938208677,910811177.99,910811297.99
118.4202558797616,910811297.99,910811417.99
118.3996595672786,910811417.99,910811537.99
52.30235073287006,910811537.99,910811657.99
