expt,t0,t1
106.1539220373699,803119876.995,803119996.995
107.3410495169138,803119996.995,803120116.995
107.4668558427424,803120116.995,803120236.995
107.4858793626106,803120236.995,803120356.995
107.4703576566986,803120356.995,803120476.995
107.3830487646844,803120476.995,803120596.995
107.2174219724375,803120596.995,803120716.995
106.9921179648597,803120716.995,803120836.995
106.6466375574281,803120836.995,803120956.995
39.62616184723522,803120956.995,803121076.995
