expt,t0,t1
108.4592247725802,869368298.995,869368418.995
117.4934859976558,869368418.995,869368538.995
117.5209602270053,869368538.995,869368658.995
117.5382352437075,869368658.995,869368778.995
117.5506593501468,869368778.995,869368898.995
117.5654046198211,869368898.995,869369018.995
117.5585641410712,869369018.995,869369138.995
117.5096325225548,869369138.995,869369258.995
117.4788049076101,869369258.995,869369378.995
98.88709845248296,869369378.995,869369498.995
