expt,t0,t1
92.65676368284207,901570243.99,901570363.99
118.7934764650643,901570363.99,901570483.99
118.7922570521206,901570483.99,901570603.99
118.7813625601632,901570603.99,901570723.99
118.7670291097726,901570723.99,901570843.99
118.7365277412733,901570843.99,901570963.99
91.96930257345502,901570963.99,901571083.99
