expt,t0,t1
73.78863604886925,770797853.995,770797973.995
112.6150372159308,770797973.995,770798093.995
63.11471285699911,770798693.995,770798813.995
116.6606109122134,770798813.995,770798933.995
116.6606697435397,770798933.995,770799053.995
116.6387256588557,770799053.995,770799173.995
86.37452036190716,770799173.995,770799293.995
