expt,t0,t1
96.27657879732018,770667897.99,770668017.99
106.379959223863,770668017.99,770668137.99
106.4270254050107,770668137.99,770668257.99
106.4253364272183,770668257.99,770668377.99
106.4308931641552,770668377.99,770668497.99
106.3613523185169,770668497.99,770668617.99
106.2950768299438,770668617.99,770668737.99
100.1546883748749,770668737.99,770668857.99
105.9646114350864,770668857.99,770668977.99
105.713083232319,770668977.99,770669097.99
11.95397793223485,770669097.99,770669217.99
