expt,t0,t1
110.5960492308402,899570110.995,899570230.995
114.6779411102757,899570230.995,899570350.995
118.640953577661,899570350.995,899570470.995
118.6431410333363,899570470.995,899570590.995
114.6486477822986,899570590.995,899570710.995
118.6069276778904,899570710.995,899570830.995
118.5433791489569,899570830.995,899570950.995
118.4740544534481,899570950.995,899571070.995
118.3779026731782,899571070.995,899571190.995
49.22509448828729,899571190.995,899571310.995
