expt,t0,t1
101.4868563926529,899570110.995,899570230.995
105.6608492548981,899570230.995,899570350.995
109.7628916631878,899570350.995,899570470.995
109.8230980915602,899570470.995,899570590.995
105.8362478137173,899570590.995,899570710.995
109.7580386669977,899570710.995,899570830.995
109.6182363451963,899570830.995,899570950.995
109.4092197134631,899570950.995,899571070.995
109.1129504889755,899571070.995,899571190.995
45.15440654158049,899571190.995,899571310.995
