expt,t0,t1
109.7640287121348,841034242.995,841034362.995
118.8051250676579,841034362.995,841034482.995
118.8298556178841,841034482.995,841034602.995
118.7689438020262,841034602.995,841034722.995
21.65661947698545,841034722.995,841034842.995
32.68111749942669,841035562.995,841035682.995
118.8517087814275,841035682.995,841035802.995
118.8082270830409,841035802.995,841035922.995
35.58167170485779,841035922.995,841036042.995
