expt,t0,t1
98.00332714747518,841034242.995,841034362.995
107.2296614315063,841034362.995,841034482.995
107.3841184506196,841034482.995,841034602.995
107.273389066551,841034602.995,841034722.995
18.33087588037893,841034722.995,841034842.995
29.57427511430836,841035562.995,841035682.995
107.3408299498008,841035682.995,841035802.995
107.1312221758403,841035802.995,841035922.995
31.83228903840482,841035922.995,841036042.995
