expt,t0,t1
98.96175886815777,771673804.995,771673924.995
109.2198853029371,771673924.995,771674044.995
109.3286216932106,771674044.995,771674164.995
109.389728909739,771674164.995,771674284.995
109.3903200519663,771674284.995,771674404.995
109.325671612,771674404.995,771674524.995
109.1873950001377,771674524.995,771674644.995
105.0126302170678,771674644.995,771674764.995
108.7132088550005,771674764.995,771674884.995
44.85978125547744,771674884.995,771675004.995
