expt,t0,t1
112.0127085630777,790923742.995,790923862.995
118.0241124704387,790923862.995,790923982.995
114.0468399580533,790923982.995,790924102.995
118.1148624653001,790924102.995,790924222.995
118.1341323987918,790924222.995,790924342.995
118.1343035444681,790924342.995,790924462.995
60.98939547801594,790924462.995,790924582.995
