expt,t0,t1
111.994137238067,744099628.995,744099748.995
118.0477038322571,744099748.995,744099868.995
118.066519160046,744099868.995,744099988.995
118.0741084011297,744099988.995,744100108.995
118.0840669401698,744100108.995,744100228.995
46.17874138983251,744100228.995,744100348.995
