expt,t0,t1
99.0314505838294,774556106.99,774556226.99
105.1065656771488,774556226.99,774556346.99
105.1127811154247,774556346.99,774556466.99
105.1182702932499,774556466.99,774556586.99
105.0771662037094,774556586.99,774556706.99
105.0357468383142,774556706.99,774556826.99
104.9278493070109,774556826.99,774556946.99
104.7415606864372,774556946.99,774557066.99
104.5279556650347,774557066.99,774557186.99
104.2113286282229,774557186.99,774557306.99
28.17505210109556,774557306.99,774557426.99
