expt,t0,t1
85.82838198306644,904456471.995,904456591.995
93.10399500318614,904456591.995,904456711.995
92.62730276913119,904456711.995,904456831.995
82.41962989338185,904456831.995,904456951.995
83.35137739249481,904456951.995,904457071.995
79.00821997742476,904457071.995,904457191.995
82.857212407034,904457191.995,904457311.995
86.24083801131252,904457311.995,904457431.995
76.7517091075665,904457431.995,904457551.995
86.73609428546058,904457551.995,904457671.995
