expt,t0,t1
88.95896834617399,922814050.995,922814170.995
89.94564231139208,922814170.995,922814290.995
89.92860615539293,922814290.995,922814410.995
89.88439434671434,922814410.995,922814530.995
89.82625973110058,922814530.995,922814650.995
89.75545778204392,922814650.995,922814770.995
79.60462018436613,922814770.995,922814890.995
25.59161614568356,922814890.995,922815010.995
