expt,t0,t1
98.50894082794116,813829194.995,813829314.995
102.805475900882,813829314.995,813829434.995
107.0468408453329,813829434.995,813829554.995
103.219901623731,813829554.995,813829674.995
107.3042917302256,813829674.995,813829794.995
107.3786517924982,813829794.995,813829914.995
99.39814197525611,813829914.995,813830034.995
107.4068858712609,813830034.995,813830154.995
76.73993091555856,813830154.995,813830274.995
