expt,t0,t1
64.22436196331803,840395963.99,840396083.99
66.32768488541727,840396083.99,840396203.99
87.44114357839969,840396203.99,840396323.99
85.41758971629301,840396323.99,840396443.99
67.45175657307945,840396443.99,840396563.99
69.34483301896975,840396563.99,840396683.99
68.29263234533319,840396683.99,840396803.99
79.21964097603862,840396803.99,840396923.99
63.7637393967337,840396923.99,840397043.99
