expt,t0,t1
110.5137662661514,862340009.99,862340129.99
118.5253660665256,862340129.99,862340249.99
118.5293986865236,862340249.99,862340369.99
118.5334152616144,862340369.99,862340489.99
118.5342495967864,862340489.99,862340609.99
118.526066694138,862340609.99,862340729.99
118.5181725998184,862340729.99,862340849.99
118.5001327758752,862340849.99,862340969.99
114.4770909542066,862340969.99,862341089.99
18.77503837842302,862341089.99,862341209.99
