expt,t0,t1
70.3535723351799,771975958.995,771976078.995
107.5466994529142,771976078.995,771976198.995
107.6424194543345,771976198.995,771976318.995
99.71431298806401,771976318.995,771976438.995
107.6603789181935,771976438.995,771976558.995
107.5544124514994,771976558.995,771976678.995
107.3603883126366,771976678.995,771976798.995
107.0836718210588,771976798.995,771976918.995
5.906560786171918,771976918.995,771977038.995
