expt,t0,t1
81.04994297577528,858890606.99,858890726.99
107.194480024091,858890726.99,858890846.99
107.2245044193135,858890846.99,858890966.99
107.3011558614578,858890966.99,858891086.99
107.3061608656492,858891086.99,858891206.99
107.2900761671397,858891206.99,858891326.99
107.2586555502755,858891326.99,858891446.99
103.184452504964,858891446.99,858891566.99
107.0608030617499,858891566.99,858891686.99
106.8733096370176,858891686.99,858891806.99
78.8913665739283,858891806.99,858891926.99
