expt,t0,t1
100.3639325889234,928042716.995,928042836.995
109.7072567347068,928042836.995,928042956.995
109.9420359076998,928042956.995,928043076.995
110.1011939150018,928043076.995,928043196.995
110.2181725169022,928043196.995,928043316.995
109.2901336097434,928043316.995,928043436.995
