expt,t0,t1
109.4465053478651,905148468.995,905148588.995
118.4879226015313,905148588.995,905148708.995
118.506930468206,905148708.995,905148828.995
118.5348806964678,905148828.995,905148948.995
118.5445129890624,905148948.995,905149068.995
118.5536960242567,905149068.995,905149188.995
118.5567392083135,905149188.995,905149308.995
107.6091151335657,905149308.995,905149428.995
