expt,t0,t1
95.99066704828024,788752786.994,788752906.994
103.0448698954703,788752906.994,788753026.994
103.0625084535488,788753026.994,788753146.994
103.0576892369145,788753146.994,788753266.994
103.0245064532202,788753266.994,788753386.994
102.9648123481114,788753386.994,788753506.994
100.8266053754543,788753506.994,788753626.994
102.6730245446996,788753626.994,788753746.994
102.4433517145655,788753746.994,788753866.994
74.43558289249206,788753866.994,788753986.994
