expt,t0,t1
100.4787324094715,930320640.995,930320760.995
109.6340733269628,930320760.995,930320880.995
105.7922148015283,930320880.995,930321000.995
109.8305070741428,930321000.995,930321120.995
109.8786485711517,930321120.995,930321240.995
109.8538431173076,930321240.995,930321360.995
109.7557022477182,930321360.995,930321480.995
109.5230680765216,930321480.995,930321600.995
109.350263128657,930321600.995,930321720.995
4.363395499455306,930321720.995,930321840.995
