expt,t0,t1
112.7086147777769,741365486.995,741365606.995
117.7598207598027,741365606.995,741365726.995
117.8137904791654,741365726.995,741365846.995
117.8229467728478,741365846.995,741365966.995
117.8216257421588,741365966.995,741366086.995
117.8227916720787,741366086.995,741366206.995
117.802644616996,741366206.995,741366326.995
117.7561892624836,741366326.995,741366446.995
5.415484724033012,741366446.995,741366566.995
