expt,t0,t1
97.58594469412792,805575370.994,805575490.994
105.6540421986233,805575490.994,805575610.994
101.7360650612857,805575610.994,805575730.994
105.6521561734218,805575730.994,805575850.994
105.6207974857433,805575850.994,805575970.994
105.5437350590029,805575970.994,805576090.994
105.4360064254788,805576090.994,805576210.994
93.2425177399379,805576210.994,805576330.994
101.0050207824383,805576330.994,805576450.994
45.0064102456035,805576450.994,805576570.994
