expt,t0,t1
107.7774744600007,802812147.995,802812267.995
108.8601499229377,802812267.995,802812387.995
108.8696870175387,802812387.995,802812507.995
108.8445437681361,802812507.995,802812627.995
108.7585691685779,802812627.995,802812747.995
108.6101643198873,802812747.995,802812867.995
104.3549647844183,802812867.995,802812987.995
67.34378985713015,802812987.995,802813107.995
