expt,t0,t1
113.0521325358298,744010855.995,744010975.995
119.0266089660078,744010975.995,744011095.995
119.064592609543,744011095.995,744011215.995
119.0899810009626,744011215.995,744011335.995
119.0978750952822,744011335.995,744011455.995
119.0941205870082,744011455.995,744011575.995
93.96840644031478,744011575.995,744011695.995
21.50328761933221,744012535.995,744012655.995
