expt,t0,t1
92.87389033216019,834538076.995,834538196.995
102.197825012887,834538196.995,834538316.995
102.4089021975269,834538316.995,834538436.995
102.5568453922876,834538436.995,834538556.995
102.6186957590446,834538556.995,834538676.995
102.7052783906081,834538676.995,834538796.995
102.751629571157,834538796.995,834538916.995
102.7618084773191,834538916.995,834539036.995
102.777347073009,834539036.995,834539156.995
57.09585612421174,834539156.995,834539276.995
