expt,t0,t1
111.8797452500254,845247877.99,845247997.99
118.8846971105355,845247997.99,845248117.99
118.8731019909658,845248117.99,845248237.99
118.8524682403661,845248237.99,845248357.99
118.8135539922159,845248357.99,845248477.99
118.7538776342089,845248477.99,845248597.99
16.78154524329359,845248597.99,845248717.99
