expt,t0,t1
102.140936230029,845247877.99,845247997.99
109.1314110162462,845247997.99,845248117.99
109.0739801413792,845248117.99,845248237.99
108.9691171401762,845248237.99,845248357.99
108.7883008076498,845248357.99,845248477.99
108.5303770089752,845248477.99,845248597.99
15.15287758699168,845248597.99,845248717.99
