expt,t0,t1
100.2437561890694,821248745.995,821248865.995
109.6429460902988,821248865.995,821248985.995
109.9188068331285,821248985.995,821249105.995
110.0825644899519,821249105.995,821249225.995
110.1780592943331,821249225.995,821249345.995
110.2684196062256,821249345.995,821249465.995
110.3040514077188,821249465.995,821249585.995
110.3160994493045,821249585.995,821249705.995
17.29709877971698,821249705.995,821249825.995
