expt,t0,t1
103.8645360213583,771378089.99,771378209.99
118.8452159423326,771378209.99,771378329.99
118.8460716707142,771378329.99,771378449.99
118.8321821294214,771378449.99,771378569.99
118.8059968409465,771378569.99,771378689.99
118.7622049410217,771378689.99,771378809.99
118.6842748269761,771378809.99,771378929.99
105.7060156761694,771378929.99,771379049.99
