expt,t0,t1
97.13123127474344,893364793.99,893364913.99
118.9635631774985,893364913.99,893365033.99
115.0117274463102,893365033.99,893365153.99
118.9459940041651,893365153.99,893365273.99
118.9143053125365,893365273.99,893365393.99
110.9676519754685,893365393.99,893365513.99
27.76751744948371,893365513.99,893365633.99
