expt,t0,t1
102.9624994932914,747728096.995,747728216.995
109.294853397215,747728216.995,747728336.995
109.5408867922312,747728336.995,747728456.995
109.6975507423265,747728456.995,747728576.995
109.8114948141266,747728576.995,747728696.995
109.8880280278254,747728696.995,747728816.995
72.1681855475176,747728816.995,747728936.995
