expt,t0,t1
112.9837175916962,747728096.995,747728216.995
119.0150673294619,747728216.995,747728336.995
119.0517513355177,747728336.995,747728456.995
119.0662933697013,747728456.995,747728576.995
119.0827607927434,747728576.995,747728696.995
119.0981852968205,747728696.995,747728816.995
78.43350715224695,747728816.995,747728936.995
