expt,t0,t1
97.050062451529,834478931.995,834479051.995
102.4106410372618,834479051.995,834479171.995
106.6369428248998,834479171.995,834479291.995
106.8149892338467,834479291.995,834479411.995
106.9399285510752,834479411.995,834479531.995
107.0389983584503,834479531.995,834479651.995
107.0807498894779,834479651.995,834479771.995
107.0894256054048,834479771.995,834479891.995
96.92461954041784,834479891.995,834480011.995
27.32873028091956,834480011.995,834480131.995
