expt,t0,t1
99.43668378090582,899682547.995,899682667.995
108.6720766158301,899682667.995,899682787.995
108.817739690571,899682787.995,899682907.995
108.8804232863723,899682907.995,899683027.995
108.8936479824867,899683027.995,899683147.995
108.8579598817336,899683147.995,899683267.995
108.7376202140264,899683267.995,899683387.995
108.523767475881,899683387.995,899683507.995
108.2196276148809,899683507.995,899683627.995
98.49773970713427,899683627.995,899683747.995
