expt,t0,t1
111.1736302793998,849655692.99,849655812.99
118.1733515001779,849655812.99,849655932.99
118.1560657868709,849655932.99,849656052.99
118.1304206769369,849656052.99,849656172.99
118.0769857878126,849656172.99,849656292.99
118.0009543211135,849656292.99,849656412.99
86.39824025633409,849656412.99,849656532.99
