expt,t0,t1
100.2338156959093,765579100.99,765579220.99
107.2222805985536,765579220.99,765579340.99
107.1342116665328,765579340.99,765579460.99
107.0136468017866,765579460.99,765579580.99
106.8039320592326,765579580.99,765579700.99
106.5576959868813,765579700.99,765579820.99
0.6577455401517833,765579820.99,765579940.99
