expt,t0,t1
101.0362215630124,771887020.995,771887140.995
107.3037174777762,771887140.995,771887260.995
107.4466556683455,771887260.995,771887380.995
107.5136180078874,771887380.995,771887500.995
107.5435804739243,771887500.995,771887620.995
103.4730481403483,771887620.995,771887740.995
107.3892135336266,771887740.995,771887860.995
107.2276796975632,771887860.995,771887980.995
94.15711229589269,771887980.995,771888100.995
