expt,t0,t1
104.2351149119015,777449541.995,777449661.995
106.5044351018177,777449661.995,777449781.995
118.2963571067206,777449781.995,777449901.995
108.3048722716148,777449901.995,777450021.995
96.27134977144746,777450021.995,777450141.995
110.3074615174669,777450141.995,777450261.995
110.2922750086865,777450261.995,777450381.995
79.82665131725783,777450381.995,777450501.995
