expt,t0,t1
63.85057167336616,907722331.99,907722451.99
68.85102025473957,907722451.99,907722571.99
72.30262225603698,907722571.99,907722691.99
96.45851486952526,907722691.99,907722811.99
81.36055916652693,907722811.99,907722931.99
71.16371009336346,907722931.99,907723051.99
69.2554609969716,907723051.99,907723171.99
72.09032271974586,907723171.99,907723291.99
71.99204110200716,907723291.99,907723411.99
104.7532202631306,907723411.99,907723531.99
1.36275430886038,907723531.99,907723651.99
