expt,t0,t1
109.4400018121655,843199744.995,843199864.995
118.4772580865764,843199864.995,843199984.995
118.4996674735678,843199984.995,843200104.995
118.5189534519666,843200104.995,843200224.995
118.5276337467367,843200224.995,843200344.995
118.5371858147955,843200344.995,843200464.995
118.5348753481654,843200464.995,843200584.995
118.5420474216631,843200584.995,843200704.995
118.5413040076317,843200704.995,843200824.995
44.46404206476564,843200824.995,843200944.995
