expt,t0,t1
109.0649723390123,905065662.995,905065782.995
119.0959871445405,905065782.995,905065902.995
119.1197977867566,905065902.995,905066022.995
119.131526613886,905066022.995,905066142.995
119.1420092865597,905066142.995,905066262.995
119.1430789470366,905066262.995,905066382.995
119.1488390687048,905066382.995,905066502.995
119.1484219011188,905066502.995,905066622.995
119.1329546106226,905066622.995,905066742.995
105.1117298601312,905066742.995,905066862.995
