expt,t0,t1
111.0550626021917,845685558.99,845685678.99
119.0728824782391,845685678.99,845685798.99
119.0757973030387,845685798.99,845685918.99
119.0700639228824,845685918.99,845686038.99
115.2990832001257,845686038.99,845686158.99
119.0302511599317,845686158.99,845686278.99
118.9980062448551,845686278.99,845686398.99
25.80804275243823,845686398.99,845686518.99
