expt,t0,t1
109.2094931518476,772614933.995,772615053.995
117.2412707538041,772615053.995,772615173.995
117.3043486321277,772615173.995,772615293.995
117.3254316401277,772615293.995,772615413.995
117.3556655935077,772615413.995,772615533.995
117.3645384271637,772615533.995,772615653.995
117.3751334141875,772615653.995,772615773.995
107.3103667989875,772615773.995,772615893.995
55.65984912166692,772615893.995,772616013.995
