expt,t0,t1
111.2149073155594,841354190.99,841354310.99
119.2352248488204,841354310.99,841354430.99
119.2436537733785,841354430.99,841354550.99
119.2486063013866,841354550.99,841354670.99
119.2411400712577,841354670.99,841354790.99
114.9847000476888,841354790.99,841354910.99
119.2097455362603,841354910.99,841355030.99
119.1823568797489,841355030.99,841355150.99
119.1473201508276,841355150.99,841355270.99
118.0137508437304,841355270.99,841355390.99
3.959347553574864,841355390.99,841355510.99
