expt,t0,t1
62.9079380268602,920335453.99,920335573.99
103.7548067347058,920335573.99,920335693.99
84.0902926816625,920335693.99,920335813.99
83.0508755655601,920335813.99,920335933.99
85.89184710668815,920335933.99,920336053.99
77.84018493722638,920336053.99,920336173.99
114.9800741903045,920336173.99,920336293.99
