expt,t0,t1
104.7780384293581,905124809.995,905124929.995
117.7723999670112,905124929.995,905125049.995
117.812950795691,905125049.995,905125169.995
117.8241073544653,905125169.995,905125289.995
117.8415802583557,905125289.995,905125409.995
117.8739802742014,905125409.995,905125529.995
117.8822327047808,905125529.995,905125649.995
117.8911750663678,905125649.995,905125769.995
115.8944328500179,905125769.995,905125889.995
4.907389463406689,905125889.995,905126009.995
