expt,t0,t1
96.39879824471262,856588703.995,856588823.995
105.6882946682528,856588823.995,856588943.995
105.8876503470136,856588943.995,856589063.995
106.0023600887462,856589063.995,856589183.995
106.1130388034809,856589183.995,856589303.995
106.1588551410623,856589303.995,856589423.995
102.2088032233428,856589423.995,856589543.995
56.42542941368789,856589543.995,856589663.995
