expt,t0,t1
24.42197344316012,767833525.995,767833645.995
118.9338533577521,767833645.995,767833765.995
118.9488981323599,767833765.995,767833885.995
111.0834441846185,767833885.995,767834005.995
118.9577388762017,767834005.995,767834125.995
118.9574179780586,767834125.995,767834245.995
114.9147584557152,767834245.995,767834365.995
118.9104759280292,767834365.995,767834485.995
82.19371667401374,767834485.995,767834605.995
