expt,t0,t1
107.3381058109689,771910706.995,771910826.995
118.4944154406261,771910826.995,771910946.995
118.5154610105094,771910946.995,771911066.995
118.5182742175637,771911066.995,771911186.995
118.5073369391872,771911186.995,771911306.995
118.4895163956419,771911306.995,771911426.995
118.4326265031772,771911426.995,771911546.995
118.3576112139311,771911546.995,771911666.995
107.3229748043438,771911666.995,771911786.995
