expt,t0,t1
99.57322141321441,871504569.99,871504689.99
107.5769265254719,871504689.99,871504809.99
107.547408823587,871504809.99,871504929.99
107.5046889452917,871504929.99,871505049.99
103.4128360820499,871505049.99,871505169.99
107.2873062435603,871505169.99,871505289.99
107.0946839562651,871505289.99,871505409.99
28.32037609173942,871505409.99,871505529.99
