expt,t0,t1
97.40833405077497,843542831.995,843542951.995
106.6525883891833,843542951.995,843543071.995
106.8071185973342,843543071.995,843543191.995
106.9544143506078,843543191.995,843543311.995
107.0209150362198,843543311.995,843543431.995
107.0935185615884,843543431.995,843543551.995
107.1138594841346,843543551.995,843543671.995
65.8181067791033,843543671.995,843543791.995
