expt,t0,t1
111.3048288260166,746698187.995,746698307.995
118.3082035965024,746698307.995,746698427.995
118.344063963991,746698427.995,746698547.995
118.3538727505643,746698547.995,746698667.995
118.3699978822538,746698667.995,746698787.995
118.3888559964618,746698787.995,746698907.995
118.3970763372269,746698907.995,746699027.995
118.3989375464567,746699027.995,746699147.995
85.37742332845744,746699147.995,746699267.995
