expt,t0,t1
97.1134285569118,916234981.995,916235101.995
105.3583359667331,916235101.995,916235221.995
105.4830050475148,916235221.995,916235341.995
105.5613398375254,916235341.995,916235461.995
105.6578592884341,916235461.995,916235581.995
105.6809138353001,916235581.995,916235701.995
105.7081683069432,916235701.995,916235821.995
64.72654877331789,916235821.995,916235941.995
