expt,t0,t1
109.8708770971738,888566128.995,888566248.995
114.9282344219679,888566248.995,888566368.995
118.9223705525325,888566368.995,888566488.995
118.9438760764208,888566488.995,888566608.995
118.956353665884,888566608.995,888566728.995
118.9705534087151,888566728.995,888566848.995
118.9728959651595,888566848.995,888566968.995
118.9696709388216,888566968.995,888567088.995
72.2878227161433,888567088.995,888567208.995
