expt,t0,t1
91.33299715026102,885164938.99,885165058.99
99.42387040638332,885165058.99,885165178.99
99.45526850354366,885165178.99,885165298.99
99.47164032827784,885165298.99,885165418.99
99.41717079447353,885165418.99,885165538.99
99.41091031678977,885165538.99,885165658.99
99.31090031177688,885165658.99,885165778.99
95.21250547455251,885165778.99,885165898.99
99.04429516724942,885165898.99,885166018.99
55.6905440615654,885166018.99,885166138.99
