expt,t0,t1
96.40933813370951,841715113.99,841715233.99
104.5553396249752,841715233.99,841715353.99
104.6184342053725,841715353.99,841715473.99
104.6012010019643,841715473.99,841715593.99
104.5243806620408,841715593.99,841715713.99
104.3599699338044,841715713.99,841715833.99
104.1525747207519,841715833.99,841715953.99
103.8609501851933,841715953.99,841716073.99
103.4100944532949,841716073.99,841716193.99
46.96499216874695,841716193.99,841716313.99
