expt,t0,t1
83.90372870141836,806368233.99,806368353.99
95.94628473212458,806368353.99,806368473.99
85.9182413306696,806368473.99,806368593.99
98.89572974056188,806368593.99,806368713.99
90.6340708995621,806368713.99,806368833.99
65.44892018175,806368833.99,806368953.99
83.08038584841852,806368953.99,806369073.99
80.60403776510087,806369073.99,806369193.99
