expt,t0,t1
108.2367460899867,911111969.995,911112089.995
117.2957699551029,911112089.995,911112209.995
117.329886776014,911112209.995,911112329.995
113.3159704848906,911112329.995,911112449.995
117.3553072572479,911112449.995,911112569.995
117.2027629766351,911112569.995,911112689.995
39.9570623201094,911112689.995,911112809.995
