expt,t0,t1
97.48521631988419,817917786.995,817917906.995
99.70672187111833,817917906.995,817918026.995
106.7582339500967,817918026.995,817918146.995
106.8159350614104,817918146.995,817918266.995
106.7979474479216,817918266.995,817918386.995
106.7439226782692,817918386.995,817918506.995
106.6078698871669,817918506.995,817918626.995
106.3307086314371,817918626.995,817918746.995
105.9175621437167,817918746.995,817918866.995
70.0738768932069,817918866.995,817918986.995
