expt,t0,t1
83.44231745455808,812012620.54,812012740.54
38.22584109564276,812012740.54,812012860.54
39.29956333303696,812012980.54,812013100.54
118.2706745586699,812013100.54,812013220.54
118.2952981428485,812013220.54,812013340.54
98.37143774978782,812013340.54,812013460.54
0.0,812013580.54,812013700.54
97.24388441297796,812013700.54,812013820.54
118.2988173258176,812013820.54,812013940.54
118.294025246881,812013940.54,812014060.54
1.385474781907689,812014060.54,812014180.54
