expt,t0,t1
96.58767663123464,839661666.995,839661786.995
105.8384616837735,839661786.995,839661906.995
105.963367221446,839661906.995,839662026.995
105.6297096585611,839662026.995,839662146.995
105.650118140219,839662146.995,839662266.995
106.2266450797225,839662266.995,839662386.995
106.2712960226271,839662386.995,839662506.995
106.2869190672066,839662506.995,839662626.995
106.2800899669995,839662626.995,839662746.995
55.54094423483486,839662746.995,839662866.995
