expt,t0,t1
78.51055490541094,915738498.99,915738618.99
77.69295448906857,915738618.99,915738738.99
81.75608723701544,915738738.99,915738858.99
85.6998448974953,915738858.99,915738978.99
85.69440638900383,915738978.99,915739098.99
85.63006196504007,915739098.99,915739218.99
81.56219258645002,915739218.99,915739338.99
85.51385466299823,915739338.99,915739458.99
81.41973856951458,915739458.99,915739578.99
85.3517127949296,915739578.99,915739698.99
75.09444383197817,915739698.99,915739818.99
