expt,t0,t1
108.3935957540191,900634796.995,900634916.995
117.4472927099602,900634916.995,900635036.995
113.4689219123014,900635036.995,900635156.995
117.4734138188064,900635156.995,900635276.995
117.4867899230703,900635276.995,900635396.995
117.5304160256212,900635396.995,900635516.995
117.548033333676,900635516.995,900635636.995
117.55607183216,900635636.995,900635756.995
14.59923765159185,900635756.995,900635876.995
