expt,t0,t1
93.16341914812915,807687528.995,807687648.995
106.4175952790032,807687648.995,807687768.995
106.6126328045415,807687768.995,807687888.995
106.7310357777134,807687888.995,807688008.995
106.8151919111818,807688008.995,807688128.995
106.8598147044565,807688128.995,807688248.995
106.9191428643769,807688248.995,807688368.995
106.9103939594124,807688368.995,807688488.995
52.32282835418806,807688488.995,807688608.995
