expt,t0,t1
105.9681569999118,802456866.995,802456986.995
103.0730337860618,802456986.995,802457106.995
107.1798028070751,802457106.995,802457226.995
107.235274467703,802457226.995,802457346.995
107.2194600056403,802457346.995,802457466.995
107.1669384262232,802457466.995,802457586.995
102.9630669258646,802457586.995,802457706.995
106.7179743494523,802457706.995,802457826.995
14.85837553829389,802457826.995,802457946.995
