expt,t0,t1
83.4191190146428,741146399.995,741146519.995
116.2483316745963,741146519.995,741146639.995
116.3156347118037,741146639.995,741146759.995
116.3620793697113,741146759.995,741146879.995
116.4001806758991,741146879.995,741146999.995
116.4258578756474,741146999.995,741147119.995
116.4397527652425,741147119.995,741147239.995
116.4427585111826,741147239.995,741147359.995
116.4370786140502,741147359.995,741147479.995
46.55890607412415,741147479.995,741147599.995
