expt,t0,t1
102.3053738193567,871770813.99,871770933.99
110.3080599150127,871770933.99,871771053.99
110.2357885552767,871771053.99,871771173.99
110.1517281305499,871771173.99,871771293.99
110.0050122596517,871771293.99,871771413.99
109.8190220251546,871771413.99,871771533.99
93.8557785233042,871771533.99,871771653.99
