expt,t0,t1
92.48919252796185,884810003.99,884810123.99
100.5746272755927,884810123.99,884810243.99
100.62709255575,884810243.99,884810363.99
100.6449957203493,884810363.99,884810483.99
100.6097073443404,884810483.99,884810603.99
100.5768679861306,884810603.99,884810723.99
94.53701311919016,884810723.99,884810843.99
100.3534443738284,884810843.99,884810963.99
100.1917134903559,884810963.99,884811083.99
30.51850268232764,884811083.99,884811203.99
