expt,t0,t1
99.39210798314998,902427514.99,902427634.99
106.5183878437266,902427634.99,902427754.99
106.5994644076869,902427754.99,902427874.99
106.6501675210141,902427874.99,902427994.99
106.663938319948,902427994.99,902428114.99
106.6150311530066,902428114.99,902428234.99
106.570160642989,902428234.99,902428354.99
106.4458518774698,902428354.99,902428474.99
106.2713466919609,902428474.99,902428594.99
106.0035592629787,902428594.99,902428714.99
89.56441682995631,902428714.99,902428834.99
