expt,t0,t1
103.8899316103772,771940313.995,771940433.995
105.103751189933,771940433.995,771940553.995
109.2257629456546,771940553.995,771940673.995
109.3058373827914,771940673.995,771940793.995
109.3444248954214,771940793.995,771940913.995
109.279551258416,771940913.995,771941033.995
105.1553150609682,771941033.995,771941153.995
104.9124175347198,771941153.995,771941273.995
99.7880912584564,771941273.995,771941393.995
