expt,t0,t1
112.789167744155,766980880.99,766981000.99
118.811789052429,766981000.99,766981120.99
118.8459754012712,766981120.99,766981240.99
112.8602600494425,766981240.99,766981360.99
118.8607046260384,766981360.99,766981480.99
118.8507086488816,766981480.99,766981600.99
118.8271226353656,766981600.99,766981720.99
118.79564252753,766981720.99,766981840.99
118.7432184675564,766981840.99,766981960.99
118.6648230512034,766981960.99,766982080.99
57.28536585117374,766982080.99,766982200.99
