expt,t0,t1
112.0495525157396,793243966.99,793244086.99
119.0616777847434,793244086.99,793244206.99
119.0687375438911,793244206.99,793244326.99
119.0734707915014,793244326.99,793244446.99
119.0675876588784,793244446.99,793244566.99
119.0602925744258,793244566.99,793244686.99
119.0476277943792,793244686.99,793244806.99
119.0242717578657,793244806.99,793244926.99
118.9786507385253,793244926.99,793245046.99
114.9564786876515,793245046.99,793245166.99
17.84118818480926,793245166.99,793245286.99
