expt,t0,t1
101.2493573910542,793243966.99,793244086.99
108.3163610029766,793244086.99,793244206.99
108.3616931669241,793244206.99,793244326.99
108.3841622014887,793244326.99,793244446.99
108.3540646172285,793244446.99,793244566.99
108.2872655455398,793244566.99,793244686.99
108.1955540514135,793244686.99,793244806.99
108.0443849090694,793244806.99,793244926.99
107.8160125918354,793244926.99,793245046.99
103.5123900630588,793245046.99,793245166.99
15.78030034584424,793245166.99,793245286.99
