expt,t0,t1
104.9999588351458,853175214.995,853175334.995
110.1050015047914,853175334.995,853175454.995
109.9057220070868,853175454.995,853175574.995
106.3531809353211,853175574.995,853175694.995
93.24105897996525,853175694.995,853175814.995
106.2438342006142,853175814.995,853175934.995
95.07418979058818,853175934.995,853176054.995
106.1382974763365,853176054.995,853176174.995
114.0417451216765,853176174.995,853176294.995
99.55064210936887,853176294.995,853176414.995
