expt,t0,t1
111.8614806157119,745999921.995,746000041.995
117.9851714807767,746000041.995,746000161.995
118.0349695242794,746000161.995,746000281.995
118.0748518151612,746000281.995,746000401.995
118.0991758944062,746000401.995,746000521.995
118.1162102375011,746000521.995,746000641.995
118.1286236473357,746000641.995,746000761.995
118.1321588752119,746000761.995,746000881.995
118.1237032091419,746000881.995,746001001.995
94.52439001381867,746001001.995,746001121.995
