expt,t0,t1
102.5753999035725,746781035.995,746781155.995
113.6883453450111,746781155.995,746781275.995
109.7756624055583,746781275.995,746781395.995
113.7998039667055,746781395.995,746781515.995
109.8218844289409,746781515.995,746781635.995
113.8807344783889,746781635.995,746781755.995
26.5711047842605,746781755.995,746781875.995
