expt,t0,t1
74.18746513632661,740465209.995,740465329.995
106.633136994941,740465329.995,740465449.995
106.9276834620804,740465449.995,740465569.995
107.1331250908197,740465569.995,740465689.995
107.2222918584055,740465689.995,740465809.995
107.2152431910853,740465809.995,740465929.995
107.143912028987,740465929.995,740466049.995
55.09811941181161,740466049.995,740466169.995
