expt,t0,t1
93.09762571924519,905142553.995,905142673.995
115.1394487763946,905142673.995,905142793.995
119.2135107411391,905142793.995,905142913.995
115.3113251925902,905142913.995,905143033.995
115.4357816682408,905143033.995,905143153.995
71.47406653087198,905143153.995,905143273.995
