expt,t0,t1
100.1499622899049,849732323.99,849732443.99
104.2676890509938,849732443.99,849732563.99
104.3247477297802,849732563.99,849732683.99
108.3492679202981,849732683.99,849732803.99
108.3406090941492,849732803.99,849732923.99
108.2709331302875,849732923.99,849733043.99
97.12549959397282,849733043.99,849733163.99
