expt,t0,t1
111.0007345465692,885437141.99,885437261.99
114.8847404202868,885437261.99,885437381.99
102.4740284453127,885437381.99,885437501.99
111.2127968994146,885437501.99,885437621.99
47.57421830967444,885437621.99,885437741.99
118.9694463101215,885437741.99,885437861.99
118.9484381783549,885437861.99,885437981.99
118.9060261404452,885437981.99,885438101.99
81.16915525865114,885438101.99,885438221.99
