expt,t0,t1
109.4221705720153,905633540.995,905633660.995
118.472064884961,905633660.995,905633780.995
118.5163381321005,905633780.995,905633900.995
75.13408337411958,905633900.995,905634020.995
27.66675195922172,905634620.995,905634740.995
118.5459302891943,905634740.995,905634860.995
118.5365226252999,905634860.995,905634980.995
118.5090697891599,905634980.995,905635100.995
91.84459488007687,905635100.995,905635220.995
