expt,t0,t1
112.0543459296721,876781391.99,876781511.99
119.0689942624055,876781511.99,876781631.99
119.0805947302777,876781631.99,876781751.99
119.0847396646257,876781751.99,876781871.99
115.0519218053772,876781871.99,876781991.99
119.0797657434081,876781991.99,876782111.99
119.073214072987,876782111.99,876782231.99
115.172960056625,876782231.99,876782351.99
114.9539848995787,876782351.99,876782471.99
114.9934359970988,876782471.99,876782591.99
81.34149830383127,876782591.99,876782711.99
