expt,t0,t1
95.65979727150797,901871064.995,901871184.995
100.8939183641281,901871184.995,901871304.995
105.0060095693163,901871304.995,901871424.995
105.1158550550069,901871424.995,901871544.995
105.1920729928511,901871544.995,901871664.995
105.232219994976,901871664.995,901871784.995
101.2634091639091,901871784.995,901871904.995
105.2600261993646,901871904.995,901872024.995
105.2452476436812,901872024.995,901872144.995
57.6069845550556,901872144.995,901872264.995
