expt,t0,t1
107.3447452008877,771194430.99,771194550.99
118.4031840985501,771194550.99,771194670.99
114.4217266629174,771194670.99,771194790.99
118.4267594154613,771194790.99,771194910.99
118.4396702174176,771194910.99,771195030.99
114.499552616754,771195030.99,771195150.99
118.4331025020894,771195150.99,771195270.99
118.4140465006931,771195270.99,771195390.99
118.3741160750899,771195390.99,771195510.99
115.3205488134019,771195510.99,771195630.99
