expt,t0,t1
100.3164166812701,837218662.99,837218782.99
96.34924039163444,837218782.99,837218902.99
108.2954401980549,837218902.99,837219022.99
108.1862252640736,837219022.99,837219142.99
107.9942898277473,837219142.99,837219262.99
107.6940064660398,837219262.99,837219382.99
81.16426597569534,837219382.99,837219502.99
