expt,t0,t1
110.7622965296601,837218662.99,837218782.99
106.8625003372813,837218782.99,837218902.99
118.7533855903895,837218902.99,837219022.99
118.7151238351303,837219022.99,837219142.99
118.6657536558183,837219142.99,837219262.99
118.5843471452227,837219262.99,837219382.99
89.817281758978,837219382.99,837219502.99
