expt,t0,t1
90.7469668957124,840053015.99,840053135.99
98.69045431974548,840053135.99,840053255.99
98.61195626188155,840053255.99,840053375.99
98.46085467864913,840053375.99,840053495.99
98.27345696265839,840053495.99,840053615.99
98.0252222665861,840053615.99,840053735.99
84.27004265044054,840053735.99,840053855.99
