expt,t0,t1
98.40682394207515,899676630.995,899676750.995
107.7176071157253,899676750.995,899676870.995
107.829197878468,899676870.995,899676990.995
107.9227953977958,899676990.995,899677110.995
107.9178016534563,899677110.995,899677230.995
107.9066600299526,899677230.995,899677350.995
107.7895519397548,899677350.995,899677470.995
107.5921723650111,899677470.995,899677590.995
107.3280162382826,899677590.995,899677710.995
94.19050901677407,899677710.995,899677830.995
