expt,t0,t1
91.92115863455072,763891529.995,763891649.995
118.8890024939551,763891649.995,763891769.995
118.9410682176689,763891769.995,763891889.995
118.9773404044411,763891889.995,763892009.995
118.997963458436,763892009.995,763892129.995
119.0142329942899,763892129.995,763892249.995
111.0622668930318,763892249.995,763892369.995
102.8244863097753,763892369.995,763892489.995
115.0347965494606,763892489.995,763892609.995
17.7469891774513,763892609.995,763892729.995
