expt,t0,t1
110.7661954420985,836254575.99,836254695.99
118.7602955970704,836254695.99,836254815.99
118.7354473841917,836254815.99,836254935.99
118.6860932497868,836254935.99,836255055.99
118.6274437658376,836255055.99,836255175.99
118.5413414457483,836255175.99,836255295.99
23.69069363900566,836255295.99,836255415.99
