expt,t0,t1
108.9951567613287,821662922.995,821663042.995
118.0941217486528,821663042.995,821663162.995
118.1487332643017,821663162.995,821663282.995
118.1017056414341,821663282.995,821663402.995
118.0387989087868,821663402.995,821663522.995
95.40408061085687,821663522.995,821663642.995
