expt,t0,t1
79.44229871960374,813178111.345,813178231.345
118.9747785675989,813178231.345,813178351.345
119.0123129537338,813178351.345,813178471.345
119.0379420187607,813178471.345,813178591.345
119.0503982150144,813178591.345,813178711.345
119.0627581418251,813178711.345,813178831.345
119.0713635603619,813178831.345,813178951.345
28.32984176545979,813178951.345,813179071.345
