expt,t0,t1
98.4368433749442,907018637.99,907018757.99
102.4667939601629,907018757.99,907018877.99
106.4597296449971,907018877.99,907018997.99
106.4115262188026,907018997.99,907019117.99
106.3655578732199,907019117.99,907019237.99
106.2847121362246,907019237.99,907019357.99
106.1835930357947,907019357.99,907019477.99
105.9820473158298,907019477.99,907019597.99
27.98396549505284,907019597.99,907019717.99
