expt,t0,t1
100.0766331250519,799373840.995,799373960.995
108.5324657115118,799373960.995,799374080.995
108.8322198601777,799374080.995,799374200.995
105.0432176048878,799374200.995,799374320.995
101.1849557312212,799374320.995,799374440.995
109.2433789840291,799374440.995,799374560.995
105.3158156917119,799374560.995,799374680.995
105.356356788655,799374680.995,799374800.995
109.3271691723092,799374800.995,799374920.995
63.02548859499233,799374920.995,799375040.995
