expt,t0,t1
109.013490741903,870243650.995,870243770.995
118.0606306791206,870243770.995,870243890.995
118.0861634747046,870243890.995,870244010.995
118.1075299427309,870244010.995,870244130.995
118.1195903646081,870244130.995,870244250.995
103.5549981133648,870244250.995,870244370.995
8.50128601924448,870244490.995,870244610.995
