expt,t0,t1
112.1378106875177,792800231.99,792800351.99
118.1934932069582,792800351.99,792800471.99
118.2046979004538,792800471.99,792800591.99
118.2141109126507,792800591.99,792800711.99
114.2566359407272,792800711.99,792800831.99
118.2234169587998,792800831.99,792800951.99
118.2181970156725,792800951.99,792801071.99
118.2111479531296,792801071.99,792801191.99
118.1918619747308,792801191.99,792801311.99
114.1709180225928,792801311.99,792801431.99
37.40883075254246,792801431.99,792801551.99
