expt,t0,t1
108.6994145443497,786864399.995,786864519.995
114.720426681104,786864519.995,786864639.995
118.7527170525914,786864639.995,786864759.995
114.8747579788488,786864759.995,786864879.995
118.7950114278486,786864879.995,786864999.995
118.7937813183002,786864999.995,786865119.995
38.50497102454388,786865119.995,786865239.995
