expt,t0,t1
101.2532334345781,805847799.994,805847919.994
101.2508296321515,805847919.994,805848039.994
109.1341415303439,805848039.994,805848159.994
108.9728948205052,805848159.994,805848279.994
104.7597614709522,805848279.994,805848399.994
108.431318461452,805848399.994,805848519.994
93.30458190929907,805848519.994,805848639.994
