expt,t0,t1
96.20772614317154,762731929.99,762732049.99
103.3490942053601,762732049.99,762732169.99
103.4231896611118,762732169.99,762732289.99
103.4732453329521,762732289.99,762732409.99
103.4802320710866,762732409.99,762732529.99
103.4420724328307,762732529.99,762732649.99
103.3509689707096,762732649.99,762732769.99
103.2261816614825,762732769.99,762732889.99
103.062013020063,762732889.99,762733009.99
102.8001201235763,762733009.99,762733129.99
47.54888996988983,762733129.99,762733249.99
