expt,t0,t1
113.6705490805634,786260662.995,786260782.995
118.7710028984443,786260782.995,786260902.995
118.8530993400475,786260902.995,786261022.995
118.8995600428622,786261022.995,786261142.995
118.9271305416547,786261142.995,786261262.995
118.946576969125,786261262.995,786261382.995
118.9478445167902,786261382.995,786261502.995
118.9353241409079,786261502.995,786261622.995
118.9077322489059,786261622.995,786261742.995
48.50307585053399,786261742.995,786261862.995
