expt,t0,t1
112.4194208687729,777621117.995,777621237.995
114.5228964941387,777621237.995,777621357.995
118.5217666590208,777621357.995,777621477.995
118.5372179046099,777621477.995,777621597.995
118.552225241101,777621597.995,777621717.995
118.5593705730867,777621717.995,777621837.995
118.5343940009508,777621837.995,777621957.995
19.68634813083998,777621957.995,777622077.995
