expt,t0,t1
100.3447689884783,844892767.99,844892887.99
108.3668501791168,844892887.99,844893007.99
108.3483220927344,844893007.99,844893127.99
108.2567288270535,844893127.99,844893247.99
108.1197189485355,844893247.99,844893367.99
107.8982038811387,844893367.99,844893487.99
54.52669985454666,844893487.99,844893607.99
