expt,t0,t1
103.247471981443,775248309.99,775248429.99
109.4423687176016,775248429.99,775248549.99
109.5088525134357,775248549.99,775248669.99
109.5474231362877,775248669.99,775248789.99
109.5298183577651,775248789.99,775248909.99
109.4487980930646,775248909.99,775249029.99
109.277997398847,775249029.99,775249149.99
109.0775382545952,775249149.99,775249269.99
108.7483677427119,775249269.99,775249389.99
108.264835920457,775249389.99,775249509.99
62.54094485580103,775249509.99,775249629.99
