expt,t0,t1
77.88141180929792,747734016.995,747734136.995
102.1518996573886,747734136.995,747734256.995
106.2572775069503,747734256.995,747734376.995
106.3676578356084,747734376.995,747734496.995
106.4387750605197,747734496.995,747734616.995
106.4825308451943,747734616.995,747734736.995
106.4900524262964,747734736.995,747734856.995
106.5025677517379,747734856.995,747734976.995
106.4973825899153,747734976.995,747735096.995
95.53557409822224,747735096.995,747735216.995
