expt,t0,t1
98.66556474758853,857506709.99,857506829.99
106.7083471760357,857506829.99,857506949.99
106.6649742263274,857506949.99,857507069.99
106.5957430266176,857507069.99,857507189.99
106.479057180868,857507189.99,857507309.99
75.94405705112464,857507309.99,857507429.99
