expt,t0,t1
102.9053156209886,841005379.99,841005499.99
110.9301554753547,841005499.99,841005619.99
110.9197738918575,841005619.99,841005739.99
110.8725613326345,841005739.99,841005859.99
110.7721234532475,841005859.99,841005979.99
110.646975828758,841005979.99,841006099.99
110.3954307362127,841006099.99,841006219.99
110.1873430422653,841006219.99,841006339.99
36.46345503045804,841006339.99,841006459.99
