expt,t0,t1
94.84308771861447,773561521.995,773561641.995
103.0791899242115,773561641.995,773561761.995
103.2451038426832,773561761.995,773561881.995
103.361305514799,773561881.995,773562001.995
103.4290785636813,773562001.995,773562121.995
103.4835706171895,773562121.995,773562241.995
93.74447906818547,773562241.995,773562361.995
