expt,t0,t1
93.80495622998849,918110092.995,918110212.995
103.1147541665931,918110212.995,918110332.995
103.3682753631555,918110332.995,918110452.995
103.5536294160175,918110452.995,918110572.995
103.6845702343349,918110572.995,918110692.995
103.8051576187849,918110692.995,918110812.995
96.9976892062983,918110812.995,918110932.995
103.9589052672254,918110932.995,918111052.995
104.0003246326206,918111052.995,918111172.995
89.8288169996128,918111172.995,918111292.995
