expt,t0,t1
109.4741239813791,918110092.995,918110212.995
118.5172473435058,918110212.995,918110332.995
118.5485563056652,918110332.995,918110452.995
118.5607450867996,918110452.995,918110572.995
118.5745811450685,918110572.995,918110692.995
118.5831865636053,918110692.995,918110812.995
111.4736593216131,918110812.995,918110932.995
118.5936157532552,918110932.995,918111052.995
118.5885616075018,918111052.995,918111172.995
102.6904942268326,918111172.995,918111292.995
