expt,t0,t1
95.40128175087023,764666720.995,764666840.995
104.8682509106437,764666840.995,764666960.995
105.1138001320261,764666960.995,764667080.995
101.3040691102639,764667080.995,764667200.995
101.4149161018118,764667200.995,764667320.995
101.5049329882197,764667320.995,764667440.995
105.5712203576109,764667440.995,764667560.995
105.6082877902277,764667560.995,764667680.995
105.6056586147975,764667680.995,764667800.995
41.98171548077406,764667800.995,764667920.995
