expt,t0,t1
109.9517434292285,821325657.995,821325777.995
119.0196187347912,821325777.995,821325897.995
119.0949977085993,821325897.995,821326017.995
119.1261622665942,821326017.995,821326137.995
119.1497268869006,821326137.995,821326257.995
119.1678469353796,821326257.995,821326377.995
119.1670339934171,821326377.995,821326497.995
72.39669008949186,821326497.995,821326617.995
