expt,t0,t1
100.9795050211718,845762077.99,845762197.99
108.094339242242,845762197.99,845762317.99
108.1409437694598,845762317.99,845762437.99
108.1619039838633,845762437.99,845762557.99
108.1526033461532,845762557.99,845762677.99
108.1489720438996,845762677.99,845762797.99
108.0829386421435,845762797.99,845762917.99
107.9951286867175,845762917.99,845763037.99
107.8787412270445,845763037.99,845763157.99
107.6980262331856,845763157.99,845763277.99
46.37384607579749,845763277.99,845763397.99
