expt,t0,t1
112.1132360872287,845762077.99,845762197.99
119.1366556358728,845762197.99,845762317.99
119.1445764717043,845762317.99,845762437.99
119.1496787521792,845762437.99,845762557.99
119.1481919241163,845762557.99,845762677.99
119.1530107445648,845762677.99,845762797.99
119.1476570938778,845762797.99,845762917.99
119.1290396532771,845762917.99,845763037.99
119.1163909181376,845763037.99,845763157.99
119.0913127282563,845763157.99,845763277.99
51.64303504398483,845763277.99,845763397.99
