expt,t0,t1
112.544134594589,787302657.995,787302777.995
118.5977232494865,787302777.995,787302897.995
118.6249621535311,787302897.995,787303017.995
118.6326637089649,787303017.995,787303137.995
118.6304869498944,787303137.995,787303257.995
118.6211381173262,787303257.995,787303377.995
8.873255930090398,787303377.995,787303497.995
