expt,t0,t1
100.6243361787103,792552252.99,792552372.99
106.5998134630973,792552372.99,792552492.99
106.5259319445325,792552492.99,792552612.99
106.4082383420334,792552612.99,792552732.99
106.198152024365,792552732.99,792552852.99
105.9322281008805,792552852.99,792552972.99
0.0,792552972.99,792553092.99
