expt,t0,t1
99.53227496160109,871498346.99,871498466.99
107.5852700757662,871498466.99,871498586.99
107.6097658836818,871498586.99,871498706.99
107.5909675608525,871498706.99,871498826.99
107.5938331931736,871498826.99,871498946.99
103.5432082778438,871498946.99,871499066.99
107.4857667640911,871499066.99,871499186.99
107.3769008855201,871499186.99,871499306.99
107.2036005041698,871499306.99,871499426.99
88.0557842206293,871499426.99,871499546.99
