expt,t0,t1
112.2751791642736,771869254.995,771869374.995
118.3308857469154,771869374.995,771869494.995
118.36924911992,771869494.995,771869614.995
118.3720944167886,771869614.995,771869734.995
118.3713189129428,771869734.995,771869854.995
118.3720516303695,771869854.995,771869974.995
118.3511879027673,771869974.995,771870094.995
118.3130010237414,771870094.995,771870214.995
104.4496194031677,771870214.995,771870334.995
