expt,t0,t1
100.2586762536871,765312354.99,765312474.99
106.3276515816329,765312474.99,765312594.99
106.3819071782502,765312594.99,765312714.99
106.3972937659388,765312714.99,765312834.99
106.3809726105384,765312834.99,765312954.99
106.3530763273342,765312954.99,765313074.99
106.2440978502438,765313074.99,765313194.99
106.1308969286724,765313194.99,765313314.99
105.9338438896352,765313314.99,765313434.99
46.36567834174696,765313434.99,765313554.99
