expt,t0,t1
109.8164795136203,906018135.995,906018255.995
118.8553937617705,906018255.995,906018375.995
118.8815843985477,906018375.995,906018495.995
118.8882697765284,906018495.995,906018615.995
118.9022983736832,906018615.995,906018735.995
118.9133319215025,906018735.995,906018855.995
118.9159739828805,906018855.995,906018975.995
118.9144497167009,906018975.995,906019095.995
118.9192685371494,906019095.995,906019215.995
100.1222668274925,906019215.995,906019335.995
