expt,t0,t1
103.0142603185232,832461815.99,832461935.99
110.9678928691625,832461935.99,832462055.99
110.8809105128548,832462055.99,832462175.99
110.7241621138699,832462175.99,832462295.99
110.4866073873714,832462295.99,832462415.99
110.1369777244964,832462415.99,832462535.99
38.27206569695133,832462535.99,832462655.99
