expt,t0,t1
67.8945394928871,834739178.995,834739298.995
102.2545427814264,834739298.995,834739418.995
99.41743210973836,834739418.995,834739538.995
91.59963348203347,834739538.995,834739658.995
103.6437870505748,834739658.995,834739778.995
99.70351431427322,834739778.995,834739898.995
103.7436619373643,834739898.995,834740018.995
93.74586199648805,834740018.995,834740138.995
78.74206179645519,834740138.995,834740258.995
89.6224802126435,834740258.995,834740378.995
