expt,t0,t1
85.76535561445841,761938580.99,761938700.99
103.9876179666585,761938700.99,761938820.99
118.967590449194,761938820.99,761938940.99
118.9923744824441,761938940.99,761939060.99
119.0153507894883,761939060.99,761939180.99
119.0225068180788,761939180.99,761939300.99
119.0366691227932,761939300.99,761939420.99
119.031673808366,761939420.99,761939540.99
119.0349202279134,761939540.99,761939660.99
119.0323583910712,761939660.99,761939780.99
16.49968961679154,761939780.99,761939900.99
