expt,t0,t1
98.21451759820704,899072922.99,899073042.99
106.5206004046346,899073042.99,899073162.99
106.6552851237251,899073162.99,899073282.99
106.7185542318277,899073282.99,899073402.99
106.7740709318633,899073402.99,899073522.99
106.7644493883727,899073522.99,899073642.99
106.7172706087055,899073642.99,899073762.99
106.6198391097889,899073762.99,899073882.99
106.4741253657142,899073882.99,899074002.99
86.55375246162178,899074002.99,899074122.99
