expt,t0,t1
112.5772686711761,775786919.99,775787039.99
118.5763567814602,775787039.99,775787159.99
118.5922572844495,775787159.99,775787279.99
114.6184158397312,775787279.99,775787399.99
118.5556374580223,775787399.99,775787519.99
112.4550853515671,775787519.99,775787639.99
114.4589281193086,775787639.99,775787759.99
118.3461230604091,775787759.99,775787879.99
111.2810549461004,775787879.99,775787999.99
