expt,t0,t1
102.4647696186946,775786919.99,775787039.99
108.6102600286289,775787039.99,775787159.99
108.6875195027784,775787159.99,775787279.99
104.6844956115639,775787279.99,775787399.99
108.5947777321987,775787399.99,775787519.99
102.4580937684211,775787519.99,775787639.99
104.2298678292625,775787639.99,775787759.99
107.8930862784278,775787759.99,775787879.99
100.850242541761,775787879.99,775787999.99
