expt,t0,t1
111.9285162461189,745840127.995,745840247.995
117.9926751490222,745840247.995,745840367.995
118.0400771530567,745840367.995,745840487.995
118.0720600013164,745840487.995,745840607.995
118.0933943795285,745840607.995,745840727.995
118.1032673457304,745840727.995,745840847.995
118.1156219242388,745840847.995,745840967.995
118.1175954478187,745840967.995,745841087.995
28.18634867831722,745841087.995,745841207.995
