expt,t0,t1
101.712041550819,801433510.99,801433630.99
105.6951499099966,801433630.99,801433750.99
109.6686635921508,801433750.99,801433870.99
109.5601918083981,801433870.99,801433990.99
109.3758905516934,801433990.99,801434110.99
105.1311070002436,801434110.99,801434230.99
108.7651055126344,801434230.99,801434350.99
63.92498462623278,801434350.99,801434470.99
