expt,t0,t1
101.9488558281484,806095884.994,806096004.994
110.0767544063461,806096004.994,806096124.994
110.1261007075135,806096124.994,806096244.994
110.1407328851215,806096244.994,806096364.994
110.0800422831153,806096364.994,806096484.994
109.9694536471961,806096484.994,806096604.994
109.8004883088462,806096604.994,806096724.994
105.4558488404782,806096724.994,806096844.994
109.0398064907134,806096844.994,806096964.994
93.74644101949,806096964.994,806097084.994
