expt,t0,t1
112.7885406577801,768780393.99,768780513.99
118.7766400091576,768780513.99,768780633.99
118.7954874267609,768780633.99,768780753.99
118.7983808583509,768780753.99,768780873.99
118.7920645132347,768780873.99,768780993.99
118.7780893991038,768780993.99,768781113.99
118.7485400284291,768781113.99,768781233.99
118.7134284232744,768781233.99,768781353.99
118.6475373378964,768781353.99,768781473.99
91.86954136489237,768781473.99,768781593.99
