expt,t0,t1
92.95690774267248,906320599.99,906320719.99
119.0681866687455,906320719.99,906320839.99
119.0575221537906,906320839.99,906320959.99
119.0485209608774,906320959.99,906321079.99
119.0359738434832,906321079.99,906321199.99
114.9726018002095,906321199.99,906321319.99
111.9731312904645,906321319.99,906321439.99
46.57368615774658,906321439.99,906321559.99
