expt,t0,t1
82.2531601161822,906320599.99,906320719.99
108.2812978240067,906320719.99,906320839.99
108.2491847262476,906320839.99,906320959.99
108.1895975897324,906320959.99,906321079.99
108.1067813786459,906321079.99,906321199.99
103.9797189583589,906321199.99,906321319.99
100.8063960573047,906321319.99,906321439.99
41.5196830572775,906321439.99,906321559.99
