expt,t0,t1
94.65742836121127,901782330.995,901782450.995
103.8721086984749,901782450.995,901782570.995
103.9953984473928,901782570.995,901782690.995
104.1070342495433,901782690.995,901782810.995
104.1783710415675,901782810.995,901782930.995
104.1930932979911,901782930.995,901783050.995
104.2475740916474,901783050.995,901783170.995
104.2410152278869,901783170.995,901783290.995
36.20396806847357,901783290.995,901783410.995
