expt,t0,t1
100.2247270392753,930492257.995,930492377.995
109.4993548283165,930492377.995,930492497.995
109.6440495557898,930492497.995,930492617.995
109.7224519049122,930492617.995,930492737.995
109.7805640008221,930492737.995,930492857.995
109.7514235039775,930492857.995,930492977.995
109.6435597522301,930492977.995,930493097.995
109.4890633236349,930493097.995,930493217.995
109.2581350200086,930493217.995,930493337.995
81.50060147383945,930493337.995,930493457.995
