expt,t0,t1
110.8544103416296,849998496.99,849998616.99
118.8868685213037,849998616.99,849998736.99
118.9037370670246,849998736.99,849998856.99
118.9120322840231,849998856.99,849998976.99
118.911085634501,849998976.99,849999096.99
118.9064326114264,849999096.99,849999216.99
118.8963510614315,849999216.99,849999336.99
16.81505637103943,849999336.99,849999456.99
