expt,t0,t1
110.0763481781843,874651097.995,874651217.995
119.1103901228621,874651217.995,874651337.995
119.1289754736485,874651337.995,874651457.995
119.1464751190508,874651457.995,874651577.995
119.1501012680676,874651577.995,874651697.995
119.1553533010092,874651697.995,874651817.995
119.1591345507951,874651817.995,874651937.995
119.1640015059651,874651937.995,874652057.995
119.1561127599478,874652057.995,874652177.995
28.75379411800665,874652177.995,874652297.995
