expt,t0,t1
108.2966774932307,803717330.995,803717450.995
109.5255170943205,803717450.995,803717570.995
109.7010919657645,803717570.995,803717690.995
109.8184590325572,803717690.995,803717810.995
109.8881237365669,803717810.995,803717930.995
92.27507789914871,803717930.995,803718050.995
