expt,t0,t1
99.41369111124338,801350827.99,801350947.99
110.3613865738442,801350947.99,801351067.99
110.2486641959807,801351067.99,801351187.99
110.0439994970259,801351187.99,801351307.99
109.7882882592592,801351307.99,801351427.99
109.434728908054,801351427.99,801351547.99
53.42315296748309,801351547.99,801351667.99
