expt,t0,t1
99.06125846478768,823575330.99,823575450.99
107.0699404316067,823575450.99,823575570.99
107.0119409342163,823575570.99,823575690.99
106.9131132136581,823575690.99,823575810.99
106.7606942277476,823575810.99,823575930.99
89.41714793777395,823575930.99,823576050.99
