expt,t0,t1
96.54701234349253,885253689.99,885253809.99
104.6266651571474,885253809.99,885253929.99
104.6333140997234,885253929.99,885254049.99
104.6191154264155,885254049.99,885254169.99
104.5846096101171,885254169.99,885254289.99
104.5180301055414,885254289.99,885254409.99
104.4362385409824,885254409.99,885254529.99
104.3187250961144,885254529.99,885254649.99
104.1422043971067,885254649.99,885254769.99
39.59357211527303,885254769.99,885254889.99
