expt,t0,t1
101.6390152532487,768986951.995,768987071.995
108.1336755350266,768987071.995,768987191.995
108.4421110295454,768987191.995,768987311.995
108.6800148114543,768987311.995,768987431.995
108.8424606955255,768987431.995,768987551.995
108.9289307285695,768987551.995,768987671.995
108.970490842114,768987671.995,768987791.995
109.0160313133226,768987791.995,768987911.995
56.13964053428772,768987911.995,768988031.995
