expt,t0,t1
110.0390937329159,872462536.99,872462656.99
118.0794032204904,872462656.99,872462776.99
118.1033743117781,872462776.99,872462896.99
118.1093483655417,872462896.99,872463016.99
114.0926556463015,872463016.99,872463136.99
114.1347220636876,872463136.99,872463256.99
118.018887179009,872463256.99,872463376.99
117.9408661438229,872463376.99,872463496.99
117.8424038969229,872463496.99,872463616.99
88.2565918109934,872463616.99,872463736.99
