expt,t0,t1
98.76483723229872,872462536.99,872462656.99
106.9152244358986,872462656.99,872462776.99
107.0011877756048,872462776.99,872462896.99
107.0012328150126,872462896.99,872463016.99
102.9444262409627,872463016.99,872463136.99
102.8724757870072,872463136.99,872463256.99
106.7231932908308,872463256.99,872463376.99
106.4695989052306,872463376.99,872463496.99
106.1213879837013,872463496.99,872463616.99
79.05321697438488,872463616.99,872463736.99
