expt,t0,t1
106.419476189258,772685923.995,772686043.995
117.5017116867232,772686043.995,772686163.995
117.5545796557947,772686163.995,772686283.995
117.5897393956709,772686283.995,772686403.995
117.609613687332,772686403.995,772686523.995
117.6122450521052,772686523.995,772686643.995
108.6764876445621,772686643.995,772686763.995
