expt,t0,t1
110.9931132156712,902357221.99,902357341.99
118.9878444703244,902357341.99,902357461.99
118.9726499432498,902357461.99,902357581.99
118.9489088289647,902357581.99,902357701.99
118.8964312859673,902357701.99,902357821.99
13.80726844774144,902357821.99,902357941.99
