expt,t0,t1
95.05326330233132,930504090.995,930504210.995
108.2602475307877,930504210.995,930504330.995
100.3573281113952,930504330.995,930504450.995
108.4613541165265,930504450.995,930504570.995
108.4791615723842,930504570.995,930504690.995
104.4075539229471,930504690.995,930504810.995
108.2865055055332,930504810.995,930504930.995
104.0867269613582,930504930.995,930505050.995
107.8707974014943,930505050.995,930505170.995
88.50795673423953,930505170.995,930505290.995
