expt,t0,t1
88.44713712336325,771703420.995,771703540.995
114.5011710223546,771703540.995,771703660.995
118.4889655204962,771703660.995,771703780.995
118.4805740340548,771703780.995,771703900.995
114.4876525164202,771703900.995,771704020.995
118.4332255130442,771704020.995,771704140.995
118.405991957302,771704140.995,771704260.995
118.3546322095029,771704260.995,771704380.995
118.2319421528008,771704380.995,771704500.995
31.49172542619685,771704500.995,771704620.995
