expt,t0,t1
77.66550715979017,771703420.995,771703540.995
103.8928723412408,771703540.995,771703660.995
108.0296345030159,771703660.995,771703780.995
108.0980718831632,771703780.995,771703900.995
104.0865030062516,771703900.995,771704020.995
108.0285929667106,771704020.995,771704140.995
107.9099084972399,771704140.995,771704260.995
107.7159350277109,771704260.995,771704380.995
107.3201399718442,771704380.995,771704500.995
28.21000640196707,771704500.995,771704620.995
