expt,t0,t1
99.48028578789315,872297217.99,872297337.99
106.5480744433906,872297337.99,872297457.99
106.4925858929849,872297457.99,872297577.99
106.3566400704761,872297577.99,872297697.99
102.1172775167737,872297697.99,872297817.99
105.7535061008167,872297817.99,872297937.99
90.23759533234939,872297937.99,872298057.99
15.33474800421397,872298057.99,872298177.99
