expt,t0,t1
99.70918412550114,850252556.99,850252676.99
107.9726652820789,850252676.99,850252796.99
108.1492028708646,850252796.99,850252916.99
108.2708599412498,850252916.99,850253036.99
108.3478266592486,850253036.99,850253156.99
108.4059612748624,850253156.99,850253276.99
108.4065130076079,850253276.99,850253396.99
108.3902988208011,850253396.99,850253516.99
108.298531027415,850253516.99,850253636.99
59.32496271709861,850253636.99,850253756.99
