expt,t0,t1
112.4058883453817,771798186.995,771798306.995
118.4383866248454,771798306.995,771798426.995
118.4775041084861,771798426.995,771798546.995
114.4254950777578,771798546.995,771798666.995
114.4776939690613,771798666.995,771798786.995
118.4758247415374,771798786.995,771798906.995
118.4484039952116,771798906.995,771799026.995
118.3955520710473,771799026.995,771799146.995
113.3754277524888,771799146.995,771799266.995
