expt,t0,t1
77.79866895416991,816923441.92,816923561.92
118.7308585407457,816923561.92,816923681.92
118.8232397678344,816923681.92,816923801.92
114.9273678777723,816923801.92,816923921.92
118.933211561466,816923921.92,816924041.92
118.9491334576649,816924041.92,816924161.92
118.9495559735533,816924161.92,816924281.92
74.41579248649072,816924281.92,816924401.92
