expt,t0,t1
94.53837298419874,804889427.99,804889547.99
102.5245633967492,804889547.99,804889667.99
102.4570605843137,804889667.99,804889787.99
102.3313555971527,804889787.99,804889907.99
86.15002569943026,804889907.99,804890027.99
101.8631484334006,804890027.99,804890147.99
47.94519300763289,804890147.99,804890267.99
