expt,t0,t1
59.49484464306357,739003223.995,739003343.995
90.87389887615906,739003343.995,739003463.995
91.11742132419062,739003463.995,739003583.995
91.22577487949786,739003583.995,739003703.995
91.37917347252797,739003703.995,739003823.995
91.44298305352413,739003823.995,739003943.995
91.51569354748615,739003943.995,739004063.995
15.99445808767613,739004063.995,739004183.995
