expt,t0,t1
73.27555067795241,894139522.99,894139642.99
118.9929574474041,894139642.99,894139762.99
118.9834374691595,894139762.99,894139882.99
118.9647184108135,894139882.99,894140002.99
117.4014199087774,894140002.99,894140122.99
116.334229853418,894140122.99,894140242.99
116.7883741845894,894140242.99,894140362.99
0.0,894140362.99,894140482.99
