expt,t0,t1
100.0285674353883,783373841.99,783373961.99
106.1339483485506,783373961.99,783374081.99
106.1475446197793,783374081.99,783374201.99
106.1305647630399,783374201.99,783374321.99
106.0542961558619,783374321.99,783374441.99
105.9784103836502,783374441.99,783374561.99
105.8262728940384,783374561.99,783374681.99
89.43397144512471,783374681.99,783374801.99
