expt,t0,t1
112.9851403676586,783373841.99,783373961.99
118.9449885233168,783373961.99,783374081.99
118.9643279847395,783374081.99,783374201.99
118.9622902815309,783374201.99,783374321.99
118.960177702089,783374321.99,783374441.99
118.9494864456223,783374441.99,783374561.99
118.9278739556862,783374561.99,783374681.99
101.0638632379249,783374681.99,783374801.99
