expt,t0,t1
109.7287940960252,899392526.995,899392646.995
118.7585894886097,899392646.995,899392766.995
118.7802928996863,899392766.995,899392886.995
118.7860316281449,899392886.995,899393006.995
118.7661840779958,899393006.995,899393126.995
118.7380520074529,899393126.995,899393246.995
118.6940408271303,899393246.995,899393366.995
118.6246091655738,899393366.995,899393486.995
118.5065453904343,899393486.995,899393606.995
29.63020033404846,899393606.995,899393726.995
