expt,t0,t1
102.209308622766,763708092.995,763708212.995
108.7396244676734,763708212.995,763708332.995
109.1124832051196,763708332.995,763708452.995
109.3931237551017,763708452.995,763708572.995
109.5951254990705,763708572.995,763708692.995
109.718060562652,763708692.995,763708812.995
107.8224106196251,763708812.995,763708932.995
109.8309462083688,763708932.995,763709052.995
62.06941846760648,763709052.995,763709172.995
