expt,t0,t1
112.664635193122,763708092.995,763708212.995
118.7749499456041,763708212.995,763708332.995
118.840659188701,763708332.995,763708452.995
118.8906176812753,763708452.995,763708572.995
118.9279006971981,763708572.995,763708692.995
118.9494008727841,763708692.995,763708812.995
117.0067668916891,763708812.995,763708932.995
118.9690772772569,763708932.995,763709052.995
67.29770691891981,763709052.995,763709172.995
