expt,t0,t1
88.42320447935231,903232267.99,903232387.99
85.5108151565609,903232387.99,903232507.99
83.4881617501537,903232507.99,903232627.99
83.5870927810166,903232627.99,903232747.99
85.54095151382089,903232747.99,903232867.99
84.60337770259846,903232867.99,903232987.99
85.41618149914223,903232987.99,903233107.99
110.570236147687,903233107.99,903233227.99
