expt,t0,t1
76.13344030871619,813219534.045,813219654.045
119.1317886807028,813219654.045,813219774.045
115.1781577948791,813219774.045,813219894.045
119.1965780157895,813219894.045,813220014.045
115.1832647478396,813220014.045,813220134.045
119.220254950446,813220134.045,813220254.045
119.2320158673897,813220254.045,813220374.045
31.66821323660288,813220374.045,813220494.045
