expt,t0,t1
109.2362903226395,899327399.995,899327519.995
118.2997265372229,899327519.995,899327639.995
118.3503268260833,899327639.995,899327759.995
118.3712814748261,899327759.995,899327879.995
118.3832991102842,899327879.995,899327999.995
118.3901877237556,899327999.995,899328119.995
118.3789188506313,899328119.995,899328239.995
118.3366672617932,899328239.995,899328359.995
118.2688668324639,899328359.995,899328479.995
49.15874278140632,899328479.995,899328599.995
