expt,t0,t1
91.49375338896746,834390211.995,834390331.995
100.821961183509,834390331.995,834390451.995
101.0884931389988,834390451.995,834390571.995
101.257830052463,834390571.995,834390691.995
101.3853309860099,834390691.995,834390811.995
101.4611660888878,834390811.995,834390931.995
101.5086488845576,834390931.995,834391051.995
101.4907288301805,834391051.995,834391171.995
