expt,t0,t1
105.7727324109272,771934391.995,771934511.995
118.77305664656,771934511.995,771934631.995
118.7635045785011,771934631.995,771934751.995
114.8576542270322,771934751.995,771934871.995
118.738094793872,771934871.995,771934991.995
118.7021328086382,771934991.995,771935111.995
118.6532974595646,771935111.995,771935231.995
110.5294499119974,771935231.995,771935351.995
112.5120929066842,771935351.995,771935471.995
