expt,t0,t1
95.826837650946,771934391.995,771934511.995
109.0190996229788,771934511.995,771934631.995
109.0983802405532,771934631.995,771934751.995
105.1881356252712,771934751.995,771934871.995
109.1576802508437,771934871.995,771934991.995
109.0781631763784,771934991.995,771935111.995
108.9453644824894,771935111.995,771935231.995
100.723893212568,771935231.995,771935351.995
102.7225370213743,771935351.995,771935471.995
