expt,t0,t1
112.7323921685342,771762650.995,771762770.995
118.781095145044,771762770.995,771762890.995
118.7946049568674,771762890.995,771763010.995
118.7938775877431,771763010.995,771763130.995
114.7475505841691,771763130.995,771763250.995
118.7685533759522,771763250.995,771763370.995
118.7037640408655,771763370.995,771763490.995
114.6513514725227,771763490.995,771763610.995
118.5141988111467,771763610.995,771763730.995
4.866783140890363,771763730.995,771763850.995
