expt,t0,t1
103.2070420784631,864244707.995,864244827.995
112.2773562099131,864244827.995,864244947.995
105.4033749215111,864244947.995,864245067.995
112.3586450578562,864245067.995,864245187.995
112.378348203841,864245187.995,864245307.995
112.3872263857994,864245307.995,864245427.995
98.32556980427653,864245427.995,864245547.995
109.3930988218177,864245547.995,864245667.995
112.3753852443199,864245667.995,864245787.995
67.69760944559043,864245787.995,864245907.995
