expt,t0,t1
113.6238470366434,775438018.99,775438138.99
118.6104949955809,775438138.99,775438258.99
118.5969263524312,775438258.99,775438378.99
110.6484521526604,775438378.99,775438498.99
118.5234995089934,775438498.99,775438618.99
118.4419646391406,775438618.99,775438738.99
118.3313510492229,775438738.99,775438858.99
42.40384559475019,775438858.99,775438978.99
