expt,t0,t1
98.56269474018052,903480362.99,903480482.99
106.6989620894361,903480482.99,903480602.99
102.8075139340848,903480602.99,903480722.99
106.8518089497206,903480722.99,903480842.99
106.8741541259138,903480842.99,903480962.99
106.8822612193173,903480962.99,903481082.99
106.8610195086151,903481082.99,903481202.99
106.8049567057599,903481202.99,903481322.99
106.7338000713669,903481322.99,903481442.99
106.5999936207285,903481442.99,903481562.99
102.6183471794057,903481562.99,903481682.99
