expt,t0,t1
100.301201568438,745863801.995,745863921.995
102.5070604326657,745863921.995,745864041.995
106.6549867376484,745864041.995,745864161.995
102.7665912853381,745864161.995,745864281.995
106.8618245880294,745864281.995,745864401.995
106.9055015537404,745864401.995,745864521.995
90.90060289717634,745864521.995,745864641.995
