expt,t0,t1
95.67273378589033,772786492.995,772786612.995
101.0164131967459,772786612.995,772786732.995
101.2762399104,772786732.995,772786852.995
101.4745259032256,772786852.995,772786972.995
101.6129094836814,772786972.995,772787092.995
101.7103578723758,772787092.995,772787212.995
101.7713806400146,772787212.995,772787332.995
72.649496938857,772787332.995,772787452.995
