expt,t0,t1
97.77583872861929,818184253.995,818184373.995
106.9382057937269,818184373.995,818184493.995
107.0650705456387,818184493.995,818184613.995
107.1257836673488,818184613.995,818184733.995
107.1392954896879,818184733.995,818184853.995
107.1012822295073,818184853.995,818184973.995
107.0084334903341,818184973.995,818185093.995
106.8652363231701,818185093.995,818185213.995
106.6629474529765,818185213.995,818185333.995
14.85532411841566,818185333.995,818185453.995
