expt,t0,t1
109.4841734415597,895990817.995,895990937.995
118.5553112115769,895990937.995,895991057.995
118.5991672911304,895991057.995,895991177.995
118.621009758069,895991177.995,895991297.995
118.6410017123825,895991297.995,895991417.995
118.6485214255352,895991417.995,895991537.995
118.6537948516864,895991537.995,895991657.995
44.45497321888715,895991657.995,895991777.995
