expt,t0,t1
98.15184655079635,762566448.99,762566568.99
105.2020435917521,762566568.99,762566688.99
105.2008500474455,762566688.99,762566808.99
105.1656517502523,762566808.99,762566928.99
105.0853295963725,762566928.99,762567048.99
104.9496371205326,762567048.99,762567168.99
104.7523926640123,762567168.99,762567288.99
104.4962929613535,762567288.99,762567408.99
71.01177508928582,762567408.99,762567528.99
