expt,t0,t1
107.0932238959329,802291054.995,802291174.995
108.3328623160081,802291174.995,802291294.995
108.464794001297,802291294.995,802291414.995
108.4779792879296,802291414.995,802291534.995
108.487189846824,802291534.995,802291654.995
108.423779990572,802291654.995,802291774.995
108.3482207540669,802291774.995,802291894.995
108.2129730423789,802291894.995,802292014.995
107.9696645315344,802292014.995,802292134.995
18.63730523504906,802292134.995,802292254.995
