expt,t0,t1
109.7158458559522,891666045.995,891666165.995
118.8264166594508,891666165.995,891666285.995
118.898345978221,891666285.995,891666405.995
118.943683537535,891666405.995,891666525.995
118.9770622927171,891666525.995,891666645.995
118.9955406774558,891666645.995,891666765.995
95.1820212716946,891666765.995,891666885.995
