expt,t0,t1
76.40918881710842,815013213.095,815013333.095
119.0190625113432,815013333.095,815013453.095
119.0254109462737,815013453.095,815013573.095
119.029518442505,815013573.095,815013693.095
119.0317219430874,815013693.095,815013813.095
119.0115000117714,815013813.095,815013933.095
118.9902886445142,815013933.095,815014053.095
118.9539897162301,815014053.095,815014173.095
30.56078978568886,815014173.095,815014293.095
