expt,t0,t1
100.8378335639468,815013212.99,815013332.99
107.8800361100187,815013332.99,815013452.99
107.8588732182801,815013452.99,815013572.99
107.8323337472358,815013572.99,815013692.99
107.747608991244,815013692.99,815013812.99
107.6504871382561,815013812.99,815013932.99
107.4836668017025,815013932.99,815014052.99
107.2754383596058,815014052.99,815014172.99
27.43881847439317,815014172.99,815014292.99
