expt,t0,t1
101.3323706029435,859162974.99,859163094.99
109.3412214675418,859163094.99,859163214.99
101.368399604086,859163214.99,859163334.99
109.2868307527011,859163334.99,859163454.99
109.2213997530243,859163454.99,859163574.99
109.1255333735287,859163574.99,859163694.99
108.9311095099217,859163694.99,859163814.99
108.6724313011665,859163814.99,859163934.99
42.2717911191172,859163934.99,859164054.99
