expt,t0,t1
97.03092633314131,821591911.995,821592031.995
106.4555916494058,821592031.995,821592151.995
106.7483140205294,821592151.995,821592271.995
106.9388307155101,821592271.995,821592391.995
107.0911934021608,821592391.995,821592511.995
81.06669873758926,821592511.995,821592631.995
