expt,t0,t1
101.0329198027078,831360580.995,831360700.995
110.4034139712447,831360700.995,831360820.995
110.6415654698964,831360820.995,831360940.995
110.8212839668578,831360940.995,831361060.995
110.9290294901598,831361060.995,831361180.995
69.22716212155659,831361180.995,831361300.995
