expt,t0,t1
86.87098643370119,839655750.995,839655870.995
101.1120235592829,839655870.995,839655990.995
105.2198791972397,839655990.995,839656110.995
105.3761997218505,839656110.995,839656230.995
105.4528624238467,839656230.995,839656350.995
105.510890070867,839656350.995,839656470.995
23.49211636262858,839656470.995,839656590.995
