expt,t0,t1
108.5446175975948,819675462.99,819675582.99
116.5833332910588,819675582.99,819675702.99
112.619977856504,819675702.99,819675822.99
116.6274995721505,819675822.99,819675942.99
116.6254244308253,819675942.99,819676062.99
114.3880497702614,819676062.99,819676182.99
114.7959152159427,819676182.99,819676302.99
116.6025657864337,819676302.99,819676422.99
108.6021232206504,819676422.99,819676542.99
116.5233467315134,819676542.99,819676662.99
107.6478766042357,819676662.99,819676782.99
