expt,t0,t1
102.9454202847653,800735138.994,800735258.994
111.0279191399037,800735258.994,800735378.994
111.0553593991039,800735378.994,800735498.994
111.0471340772551,800735498.994,800735618.994
111.0207860236939,800735618.994,800735738.994
110.9375700878633,800735738.994,800735858.994
110.8005602093453,800735858.994,800735978.994
110.6155101724859,800735978.994,800736098.994
110.3245612280443,800736098.994,800736218.994
97.42164012171787,800736218.994,800736338.994
