expt,t0,t1
97.57419729991283,888909267.995,888909387.995
106.8622580923295,888909387.995,888909507.995
107.0369040259877,888909507.995,888909627.995
107.1477741582056,888909627.995,888909747.995
107.2248703645019,888909747.995,888909867.995
103.2938644863545,888909867.995,888909987.995
92.77673068880584,888909987.995,888910107.995
