expt,t0,t1
92.65352341494187,841449101.99,841449221.99
118.7091283881572,841449221.99,841449341.99
118.7123641110998,841449341.99,841449461.99
118.7069302358771,841449461.99,841449581.99
114.6526884122719,841449581.99,841449701.99
118.6781991554672,841449701.99,841449821.99
118.6547147596965,841449821.99,841449941.99
97.81944314063934,841449941.99,841450061.99
